Rk,Player,WS,PLAYER_ID,Season,Age,Team,G,GS,MP,FG,FGA,X2P,X2PA,X3P,X3PA,FT,FTA,ORB,DRB,TRB,AST,STL,BLK,TOV,PF,PTS,FG.,X2P.,X3P.,FT.,TS.,eFG.,Pos,Player.additional
1,Nikola Jokic,15.2,203999,2021-22,26,DEN,74,74,2476,764,1311,667,1023,97,288,379,468,206,813,1019,584,109,63,281,191,2004,0.583,0.652,0.337,0.81,0.661,0.62,C-F,jokicni01
2,Giannis Antetokounmpo,12.9,203507,2021-22,27,MIL,67,67,2204,689,1245,618,1003,71,242,553,766,134,644,778,388,72,91,219,212,2002,0.553,0.616,0.293,0.722,0.633,0.582,F-G,antetgi01
3,Joel Embiid,12,203954,2021-22,27,PHI,68,68,2297,666,1334,573,1083,93,251,654,803,146,650,796,284,77,99,214,181,2079,0.499,0.529,0.371,0.814,0.616,0.534,C,embiijo01
4,Rudy Gobert,11.7,203497,2021-22,29,UTA,66,66,2120,362,508,362,504,0,4,303,439,241,727,968,72,45,137,119,176,1027,0.713,0.718,0,0.69,0.732,0.713,C,goberru01
5,Karl-Anthony Towns,10.3,1626157,2021-22,26,MIN,74,74,2476,642,1214,492,848,150,366,384,467,194,533,727,269,72,83,226,267,1818,0.529,0.58,0.41,0.822,0.64,0.591,C-F,townska01
6,Trae Young,10,1629027,2021-22,23,ATL,76,76,2652,711,1544,478,934,233,610,500,553,50,234,284,737,72,7,303,128,2155,0.46,0.512,0.382,0.904,0.603,0.536,G,youngtr01
7,Robert Williams III,9.9,1629057,2021-22,24,BOS,61,61,1804,271,368,271,367,0,1,65,90,238,350,588,121,56,134,63,137,607,0.736,0.738,0,0.722,0.745,0.736,C-F,williro04
8,Jayson Tatum,9.6,1628369,2021-22,23,BOS,76,76,2731,708,1564,478,913,230,651,400,469,85,524,609,334,75,49,217,174,2046,0.453,0.524,0.353,0.853,0.578,0.526,F,tatumja01
9,Chris Paul,9.4,101108,2021-22,36,PHO,65,65,2139,363,736,300,537,63,199,169,202,22,261,283,702,121,20,153,134,958,0.493,0.559,0.317,0.837,0.581,0.536,G,paulch01
10,Jimmy Butler,9.2,202710,2021-22,32,MIA,57,57,1931,398,829,371,713,27,116,396,455,102,234,336,312,94,27,121,88,1219,0.48,0.52,0.233,0.87,0.592,0.496,F-G,butleji01
11,Mikal Bridges,8.9,1628969,2021-22,25,PHO,82,82,2854,458,858,343,546,115,312,131,157,74,273,347,185,96,36,68,150,1162,0.534,0.628,0.369,0.834,0.627,0.601,F-G,bridgmi01
12,DeMar DeRozan,8.8,201942,2021-22,32,CHI,76,76,2743,774,1535,724,1393,50,142,520,593,56,336,392,374,68,24,181,178,2118,0.504,0.52,0.352,0.877,0.59,0.521,G-F,derozde01
13,Mitchell Robinson,8.5,1629011,2021-22,23,NYK,72,62,1848,261,343,261,343,0,0,88,181,295,322,617,38,58,133,60,195,610,0.761,0.761,,0.486,0.722,0.761,C,robinmi01
14,Jarrett Allen,8.5,1628386,2021-22,23,CLE,56,56,1809,369,545,368,535,1,10,165,233,192,410,602,92,44,75,94,97,904,0.677,0.688,0.1,0.708,0.698,0.678,C-F,allenja01
15,Kevin Durant,8.4,201142,2021-22,33,BRK,55,55,2047,578,1115,463,815,115,300,372,409,29,378,407,351,48,52,191,113,1643,0.518,0.568,0.383,0.91,0.634,0.57,F-G,duranke01
16,Clint Capela,8.3,203991,2021-22,27,ATL,74,73,2042,370,604,370,603,0,1,80,169,279,598,877,92,55,93,44,166,820,0.613,0.614,0,0.473,0.604,0.613,C,capelca01
17,Dwight Powell,8.2,203939,2021-22,30,DAL,82,71,1798,269,401,256,364,13,37,166,212,173,231,404,97,37,39,64,220,717,0.671,0.703,0.351,0.783,0.725,0.687,F-C,poweldw01
18,Pascal Siakam,8.1,1627783,2021-22,27,TOR,68,68,2578,596,1207,521,989,75,218,284,379,128,452,580,360,85,42,181,225,1551,0.494,0.527,0.344,0.749,0.565,0.525,F,siakapa01
19,Stephen Curry,8,201939,2021-22,33,GSW,64,64,2211,535,1224,250,474,285,750,275,298,34,301,335,404,85,23,206,130,1630,0.437,0.527,0.38,0.923,0.601,0.554,G,curryst01
20,James Harden,7.6,201935,2021-22,32,PHI,65,65,2419,407,992,259,544,148,448,470,536,55,445,500,667,82,36,284,153,1432,0.41,0.476,0.33,0.877,0.583,0.485,G,hardeja01
21,Luka Doncic,7.6,1629029,2021-22,22,DAL,65,65,2301,641,1403,440,834,201,569,364,489,56,537,593,568,75,36,292,145,1847,0.457,0.528,0.353,0.744,0.571,0.529,G-F,doncilu01
22,Devin Booker,7.6,1626164,2021-22,25,PHO,68,68,2345,662,1421,479,943,183,478,315,363,45,297,342,329,77,26,162,180,1822,0.466,0.508,0.383,0.868,0.576,0.53,G,bookede01
23,Al Horford,7.6,201143,2021-22,35,BOS,69,69,2005,266,569,177,304,89,265,80,95,108,422,530,232,49,92,65,130,701,0.467,0.582,0.336,0.842,0.574,0.546,C-F,horfoal01
24,Jalen Brunson,7.5,1628973,2021-22,25,DAL,79,61,2524,506,1008,412,756,94,252,179,213,43,266,309,377,66,3,124,151,1285,0.502,0.545,0.373,0.84,0.583,0.549,G,brunsja01
25,LeBron James,7.5,2544,2021-22,37,LAL,56,56,2084,640,1221,479,773,161,448,254,336,63,396,459,349,73,59,196,121,1695,0.524,0.62,0.359,0.756,0.619,0.59,F-G,jamesle01
26,Dejounte Murray,7.3,1627749,2021-22,25,SAS,68,68,2366,573,1241,477,947,96,294,196,247,80,483,563,627,138,23,180,138,1438,0.462,0.504,0.327,0.794,0.533,0.5,G,murrade01
27,Tyrese Maxey,7.3,1630178,2021-22,21,PHI,75,74,2650,483,995,351,686,132,309,213,246,26,214,240,321,55,32,88,156,1311,0.485,0.512,0.427,0.866,0.594,0.552,G,maxeyty01
28,Jonas Valanciunas,7.3,202685,2021-22,29,NOP,74,74,2240,510,938,453,780,57,158,237,289,226,617,843,190,41,60,179,247,1314,0.544,0.581,0.361,0.82,0.617,0.574,C,valanjo01
29,Montrezl Harrell,7.3,1626149,2021-22,28,WAS,71,3,1641,358,555,354,538,4,17,212,296,149,282,431,145,29,43,72,137,932,0.645,0.658,0.235,0.716,0.68,0.649,F-C,harremo01
30,Deandre Ayton,7.3,1629028,2021-22,23,PHO,58,58,1713,442,697,435,678,7,19,106,142,149,444,593,84,40,40,91,142,997,0.634,0.642,0.368,0.746,0.656,0.639,C,aytonde01
31,Miles Bridges,7.2,,2021-22,23,CHO,80,80,2837,596,1214,442,749,154,465,267,333,90,469,559,300,74,67,150,193,1613,0.491,0.59,0.331,0.802,0.593,0.554,G-F,bridgmi02
32,Ivica Zubac,7.2,1627826,2021-22,24,LAC,76,76,1852,310,495,310,495,0,0,165,227,217,427,644,120,36,77,114,203,785,0.626,0.626,,0.727,0.66,0.626,C,zubaciv01
33,Desmond Bane,7.2,1630217,2021-22,23,MEM,76,76,2266,508,1101,280,578,228,523,140,155,46,288,334,208,92,29,111,196,1384,0.461,0.484,0.436,0.903,0.592,0.565,G,banede01
34,Donovan Mitchell,7.2,1628378,2021-22,25,UTA,67,67,2266,617,1376,385,722,232,654,267,313,55,227,282,358,99,12,200,164,1733,0.448,0.533,0.355,0.853,0.572,0.533,G,mitchdo01
35,Bam Adebayo,7.2,1628389,2021-22,24,MIA,56,56,1825,406,729,406,723,0,6,256,340,137,427,564,190,80,44,148,171,1068,0.557,0.562,0,0.753,0.608,0.557,C-F,adebaba01
36,Domantas Sabonis,7.1,1627734,2021-22,25,SAC,62,61,2136,443,773,404,648,39,125,246,332,201,551,752,323,59,27,195,203,1171,0.573,0.623,0.312,0.741,0.637,0.598,C-F,sabondo01
37,Tyrese Haliburton,7,1630169,2021-22,21,SAC,77,77,2695,430,909,269,520,161,389,160,190,61,250,311,628,134,49,199,121,1181,0.473,0.517,0.414,0.842,0.595,0.562,G,halibty01
38,Jakob Poeltl,6.9,1627751,2021-22,26,SAS,68,67,1970,410,663,409,662,1,1,94,190,262,372,634,189,45,118,109,212,915,0.618,0.618,1,0.495,0.613,0.619,C,poeltja01
39,Jrue Holiday,6.9,201950,2021-22,31,MIL,67,64,2207,478,954,346,633,132,321,137,180,69,232,301,457,108,29,183,133,1225,0.501,0.547,0.411,0.761,0.593,0.57,G,holidjr01
40,Steven Adams,6.8,203500,2021-22,28,MEM,76,75,1999,210,384,210,383,0,1,108,199,349,411,760,256,65,60,115,153,528,0.547,0.548,0,0.543,0.56,0.547,C,adamsst01
41,Kevon Looney,6.8,1626172,2021-22,25,GSW,82,80,1732,208,364,208,363,0,1,75,125,208,388,596,165,50,52,67,215,491,0.571,0.573,0,0.6,0.586,0.571,F-C,looneke01
42,Mike Conley,6.7,201144,2021-22,34,UTA,72,72,2058,344,791,175,377,169,414,129,162,47,170,217,385,96,21,123,142,986,0.435,0.464,0.408,0.796,0.572,0.542,G,conlemi01
43,Ja Morant,6.7,1629630,2021-22,22,MEM,57,57,1889,580,1177,492,921,88,256,316,415,77,248,325,384,66,22,196,86,1564,0.493,0.534,0.344,0.761,0.575,0.53,G,moranja01
44,Fred VanVleet,6.7,1627832,2021-22,27,TOR,65,65,2462,442,1097,200,455,242,642,194,222,44,245,289,434,111,35,170,162,1320,0.403,0.44,0.377,0.874,0.552,0.513,G,vanvlfr01
45,Scottie Barnes,6.6,1630567,2021-22,20,TOR,74,74,2617,459,932,401,739,58,193,158,215,195,362,557,256,80,55,136,192,1134,0.492,0.543,0.301,0.735,0.552,0.524,G-F,barnesc01
46,Dorian Finney-Smith,6.6,1627827,2021-22,28,DAL,80,80,2644,326,692,154,257,172,435,56,83,122,253,375,150,88,39,80,183,880,0.471,0.599,0.395,0.675,0.604,0.595,F,finnedo01
47,Kyle Lowry,6.4,200768,2021-22,35,MIA,63,63,2133,276,627,132,245,144,382,148,174,33,249,282,474,67,17,168,177,844,0.44,0.539,0.377,0.851,0.6,0.555,G,lowryky01
48,Darius Garland,6.3,1629636,2021-22,22,CLE,68,68,2430,542,1173,368,719,174,454,215,241,39,185,224,583,89,7,248,115,1473,0.462,0.512,0.383,0.892,0.576,0.536,G,garlada01
49,Brandon Clarke,6.3,1629634,2021-22,25,MEM,64,1,1246,288,447,283,425,5,22,85,130,135,207,342,86,39,68,34,122,666,0.644,0.666,0.227,0.654,0.66,0.65,F,clarkbr01
50,Alec Burks,6.1,202692,2021-22,30,NYK,81,44,2318,285,728,128,339,157,389,217,264,47,350,397,239,85,26,91,215,944,0.391,0.378,0.404,0.822,0.559,0.499,G,burksal01
51,Harrison Barnes,6,203084,2021-22,29,SAC,77,77,2587,391,834,249,474,142,360,341,413,82,350,432,186,53,14,118,94,1265,0.469,0.525,0.394,0.826,0.623,0.554,F,barneha02
52,Jarred Vanderbilt,6,1629020,2021-22,22,MIN,74,67,1880,212,361,210,347,2,14,86,131,215,409,624,94,99,46,73,181,512,0.587,0.605,0.143,0.656,0.612,0.59,F,vandeja01
53,Jordan Poole,6,1629673,2021-22,22,GSW,76,51,2283,474,1058,263,478,211,580,246,266,34,226,260,304,60,23,187,206,1405,0.448,0.55,0.364,0.925,0.598,0.548,G,poolejo01
54,Chris Boucher,6,1628449,2021-22,29,TOR,80,9,1690,268,577,200,348,68,229,150,193,179,315,494,25,49,75,42,174,754,0.464,0.575,0.297,0.777,0.57,0.523,F,bouchch01
55,Daniel Gafford,6,1629655,2021-22,23,WAS,72,53,1444,285,411,285,410,0,1,107,153,155,252,407,68,30,99,65,170,677,0.693,0.695,0,0.699,0.708,0.693,F,gaffoda01
56,Terry Rozier,5.9,1626179,2021-22,27,CHO,73,73,2458,518,1167,296,574,222,593,150,176,56,259,315,326,93,25,96,119,1408,0.444,0.516,0.374,0.852,0.566,0.539,G,roziete01
57,Zach LaVine,5.8,203897,2021-22,26,CHI,67,67,2328,565,1186,380,711,185,475,320,375,22,286,308,303,41,23,171,120,1635,0.476,0.534,0.389,0.853,0.605,0.554,G-F,lavinza01
58,LaMelo Ball,5.8,1630163,2021-22,20,CHO,75,75,2422,538,1254,318,689,220,565,212,243,108,393,501,571,119,30,245,237,1508,0.429,0.462,0.389,0.872,0.554,0.517,G,ballla01
59,Hassan Whiteside,5.8,,2021-22,32,UTA,65,8,1162,215,330,215,330,0,0,104,167,166,328,494,26,22,103,53,179,534,0.652,0.652,,0.623,0.662,0.652,C,whiteha01
60,Jaylen Brown,5.8,1627759,2021-22,25,BOS,66,66,2220,576,1217,410,753,166,464,241,318,53,351,404,231,70,18,178,163,1559,0.473,0.544,0.358,0.758,0.574,0.541,F-G,brownja02
61,Kevin Love,5.7,201567,2021-22,33,CLE,74,4,1665,327,761,140,284,187,477,166,198,87,449,536,160,26,18,98,101,1007,0.43,0.493,0.392,0.838,0.594,0.553,F,loveke01
62,Cameron Johnson,5.6,1629661,2021-22,25,PHO,66,16,1730,279,607,113,216,166,391,98,114,42,231,273,99,57,16,47,113,822,0.46,0.523,0.425,0.86,0.625,0.596,F,johnsca02
63,Gary Trent Jr.,5.6,1629018,2021-22,23,TOR,70,69,2448,450,1086,241,541,209,545,174,204,26,165,191,141,122,19,73,144,1283,0.414,0.445,0.383,0.853,0.546,0.511,G,trentga02
64,Tobias Harris,5.6,202699,2021-22,29,PHI,73,73,2543,493,1022,392,747,101,275,170,202,77,419,496,252,47,43,116,164,1257,0.482,0.525,0.367,0.842,0.566,0.532,F,harrito02
65,Kristaps Porzingis,5.6,204001,2021-22,26,WAS,51,51,1481,352,767,274,515,78,252,248,286,102,309,411,119,37,84,81,137,1030,0.459,0.532,0.31,0.867,0.577,0.51,F-C,porzikr01
66,Marcus Smart,5.6,203935,2021-22,27,BOS,71,71,2296,300,718,181,358,119,360,142,179,42,228,270,417,119,18,159,160,861,0.418,0.506,0.331,0.793,0.54,0.501,G,smartma01
67,Bobby Portis,5.5,1626171,2021-22,26,MIL,72,59,2028,417,871,284,533,133,338,85,113,180,477,657,86,53,51,90,174,1052,0.479,0.533,0.393,0.752,0.571,0.555,F,portibo01
68,Royce O'Neale,5.5,1626220,2021-22,28,UTA,77,77,2406,203,444,84,138,119,306,45,56,64,304,368,191,86,32,79,183,570,0.457,0.609,0.389,0.804,0.608,0.591,F,onealro01
69,Terance Mann,5.5,1629611,2021-22,25,LAC,81,33,2317,334,690,258,482,76,208,128,164,104,321,425,209,55,21,84,178,872,0.484,0.535,0.365,0.78,0.572,0.539,G-F,mannte01
70,Isaiah Hartenstein,5.5,1628392,2021-22,23,LAC,68,0,1216,229,366,215,336,14,30,91,132,117,215,332,160,50,77,84,167,563,0.626,0.64,0.467,0.689,0.664,0.645,F,harteis01
71,Monte Morris,5.4,1628420,2021-22,26,DEN,75,74,2239,374,773,250,459,124,314,73,84,27,199,226,333,56,14,78,92,945,0.484,0.545,0.395,0.869,0.583,0.564,G,morrimo01
72,Jaren Jackson Jr.,5.4,1628991,2021-22,22,MEM,78,78,2126,430,1036,302,635,128,401,284,345,119,335,454,86,73,177,130,272,1272,0.415,0.476,0.319,0.823,0.535,0.477,F,jacksja02
73,Khris Middleton,5.3,203114,2021-22,30,MIL,66,66,2141,452,1021,290,587,162,434,259,291,41,315,356,358,76,18,190,160,1325,0.443,0.494,0.373,0.89,0.577,0.522,F-G,middlkh01
74,Bojan Bogdanovic,5.2,202711,2021-22,32,UTA,69,69,2131,422,928,241,460,181,468,223,260,58,238,296,120,34,1,118,116,1248,0.455,0.524,0.387,0.858,0.599,0.552,G-F,bogdabo02
75,Evan Mobley,5.2,1630596,2021-22,20,CLE,69,69,2331,422,830,399,738,23,92,167,252,143,427,570,174,56,115,133,147,1034,0.508,0.541,0.25,0.663,0.549,0.522,F-C,mobleev01
76,Aaron Gordon,5.2,203932,2021-22,26,DEN,75,75,2376,434,834,347,574,87,260,171,230,125,314,439,188,44,44,133,148,1126,0.52,0.605,0.335,0.743,0.602,0.573,F,gordoaa01
77,Gary Payton II,5.2,1627780,2021-22,29,GSW,71,16,1247,212,344,169,224,43,120,35,58,72,175,247,64,96,22,40,131,502,0.616,0.754,0.358,0.603,0.679,0.679,G,paytoga02
78,Andrew Wiggins,5.1,203952,2021-22,26,GSW,73,73,2329,475,1019,318,620,157,399,149,235,85,240,325,161,76,51,111,158,1256,0.466,0.513,0.393,0.634,0.56,0.543,F-G,wiggian01
79,Derrick White,5.1,1628401,2021-22,27,BOS,75,52,2199,337,800,222,431,115,369,203,235,38,223,261,366,64,58,119,172,992,0.421,0.515,0.312,0.864,0.549,0.493,G,whitede01
80,Andre Drummond,5.1,203083,2021-22,28,PHI,73,36,1437,247,433,247,430,0,3,86,164,229,451,680,131,78,68,115,192,580,0.57,0.574,0,0.524,0.574,0.57,C,drumman01
81,Tyus Jones,5.1,1626145,2021-22,25,MEM,73,23,1549,249,552,169,347,80,205,54,66,17,159,176,324,66,2,46,32,632,0.451,0.487,0.39,0.818,0.544,0.524,G,jonesty01
82,Grant Williams,5.1,1629684,2021-22,23,BOS,77,21,1875,205,432,99,174,106,258,86,95,64,210,274,78,38,57,62,186,602,0.475,0.569,0.411,0.905,0.635,0.597,F,willigr01
83,Jaxson Hayes,5.1,1629637,2021-22,21,NOP,70,28,1398,245,398,225,341,20,57,144,188,115,200,315,43,33,55,54,155,654,0.616,0.66,0.351,0.766,0.68,0.641,F,hayesja02
84,John Collins,5.1,1628381,2021-22,24,ATL,54,53,1663,339,644,275,468,64,176,134,169,93,329,422,98,33,56,60,164,876,0.526,0.588,0.364,0.793,0.61,0.576,F,collijo01
85,P.J. Tucker,5,200782,2021-22,36,MIA,71,70,1981,207,428,127,235,80,193,45,61,100,287,387,149,58,15,66,161,539,0.484,0.54,0.415,0.738,0.593,0.577,F,tuckepj01
86,Wendell Carter Jr.,5,1628976,2021-22,22,ORL,62,61,1852,359,684,289,470,70,214,143,207,139,509,648,171,36,43,117,169,931,0.525,0.615,0.327,0.691,0.601,0.576,C,cartewe01
87,Lauri Markkanen,5,1628374,2021-22,24,CLE,61,61,1878,313,703,177,323,136,380,138,159,59,286,345,81,45,30,54,130,900,0.445,0.548,0.358,0.868,0.582,0.542,F-C,markkla01
88,JaVale McGee,4.9,201580,2021-22,34,PHO,74,17,1172,288,458,286,449,2,9,102,146,163,333,496,42,22,81,98,181,680,0.629,0.637,0.222,0.699,0.651,0.631,C,mcgeeja01
89,Keldon Johnson,4.9,1629640,2021-22,22,SAS,75,74,2392,471,1011,312,612,159,399,177,234,80,377,457,158,58,14,92,148,1278,0.466,0.51,0.398,0.756,0.574,0.545,G,johnske04
90,Otto Porter Jr.,4.9,203490,2021-22,28,GSW,63,15,1396,193,416,113,200,80,216,49,61,86,276,362,94,68,29,37,83,515,0.464,0.565,0.37,0.803,0.581,0.56,F,porteot01
91,Christian Wood,4.9,1626174,2021-22,26,HOU,68,67,2094,440,878,309,542,131,336,207,332,110,576,686,155,54,65,126,171,1218,0.501,0.57,0.39,0.623,0.595,0.576,F,woodch01
92,Bruce Brown,4.8,1628971,2021-22,25,BRK,72,45,1774,256,506,218,412,38,94,97,128,100,245,345,148,77,52,56,176,647,0.506,0.529,0.404,0.758,0.575,0.543,G-F,brownbr01
93,Mason Plumlee,4.7,203486,2021-22,31,CHO,73,73,1793,205,320,205,318,0,2,67,171,176,389,565,226,61,52,100,224,477,0.641,0.645,0,0.392,0.603,0.641,C-F,plumlma01
94,Herbert Jones,4.6,1630529,2021-22,23,NOP,78,69,2335,274,576,217,407,57,169,137,163,98,198,296,167,130,60,100,238,742,0.476,0.533,0.337,0.84,0.573,0.525,F,joneshe01
95,Shai Gilgeous-Alexander,4.6,1628983,2021-22,23,OKC,56,56,1942,477,1052,388,755,89,297,328,405,37,241,278,331,71,46,154,142,1371,0.453,0.514,0.3,0.81,0.557,0.496,G,gilgesh01
96,Anthony Davis,4.5,203076,2021-22,28,LAL,40,40,1404,370,695,357,625,13,70,174,244,106,288,394,122,49,90,82,97,927,0.532,0.571,0.186,0.713,0.578,0.542,F-C,davisan02
97,Nikola Vucevic,4.5,202696,2021-22,31,CHI,73,73,2418,546,1154,442,823,104,331,92,121,142,662,804,236,70,71,136,181,1288,0.473,0.537,0.314,0.76,0.533,0.518,C,vucevni01
98,Luke Kennard,4.5,1628379,2021-22,25,LAC,70,13,1919,287,639,97,216,190,423,69,77,20,209,229,146,42,6,60,101,833,0.449,0.449,0.449,0.896,0.619,0.598,G,kennalu01
99,Mo Bamba,4.5,1628964,2021-22,23,ORL,71,69,1824,296,617,189,336,107,281,57,73,148,424,572,85,38,118,77,182,756,0.48,0.563,0.381,0.781,0.582,0.566,C,bambamo01
100,Pat Connaughton,4.4,1626192,2021-22,29,MIL,65,19,1691,227,496,81,126,146,370,45,54,45,228,273,82,59,15,35,86,645,0.458,0.643,0.395,0.833,0.62,0.605,G,connapa01
101,Javonte Green,4.4,1629750,2021-22,28,CHI,65,45,1519,176,325,140,224,36,101,80,96,91,185,276,60,67,32,30,132,468,0.542,0.625,0.356,0.833,0.637,0.597,F,greenja02
102,D'Angelo Russell,4.4,1626156,2021-22,25,MIN,65,65,2077,401,975,225,457,176,518,198,240,25,191,216,460,62,22,165,130,1176,0.411,0.492,0.34,0.825,0.544,0.502,G,russeda01
103,Josh Hart,4.4,1628404,2021-22,26,POR,54,53,1791,287,569,214,356,73,213,160,211,62,326,388,224,61,13,114,150,807,0.504,0.601,0.343,0.758,0.61,0.569,G,hartjo01
104,Jae Crowder,4.3,203109,2021-22,31,PHO,67,67,1886,217,544,90,179,127,365,71,90,30,324,354,124,95,30,55,173,632,0.399,0.503,0.348,0.789,0.541,0.516,F,crowdja01
105,Anthony Edwards,4.3,1630162,2021-22,20,MIN,72,72,2466,549,1245,334,643,215,602,220,280,62,281,343,275,105,46,190,164,1533,0.441,0.519,0.357,0.786,0.56,0.527,G,edwaran01
106,Isaac Okoro,4.2,1630171,2021-22,21,CLE,67,61,1981,207,431,152,274,55,157,119,155,72,129,201,121,56,22,58,164,588,0.48,0.555,0.35,0.768,0.589,0.544,G-F,okorois01
107,Immanuel Quickley,4.2,1630193,2021-22,22,NYK,78,3,1802,284,724,147,328,137,396,177,201,31,216,247,275,54,3,99,167,882,0.392,0.448,0.346,0.881,0.543,0.487,G,quickim01
108,Seth Curry,4.2,203552,2021-22,31,PHI,64,64,2135,360,739,202,365,158,374,82,94,21,179,200,230,53,14,109,148,960,0.487,0.553,0.422,0.872,0.615,0.594,G,curryse01
109,Onyeka Okongwu,4.2,1630168,2021-22,21,ATL,48,6,992,156,226,156,226,0,0,80,110,115,168,283,53,31,60,44,149,392,0.69,0.69,,0.727,0.714,0.69,F,okongon01
110,John Konchar,4.2,1629723,2021-22,25,MEM,72,7,1292,135,262,83,136,52,126,27,49,87,242,329,109,45,22,29,90,349,0.515,0.61,0.413,0.551,0.615,0.615,G,konchjo01
111,Grayson Allen,4.2,1628960,2021-22,26,MIL,66,61,1805,255,569,96,180,159,389,64,74,32,190,222,100,46,18,43,96,733,0.448,0.533,0.409,0.865,0.609,0.588,G,allengr01
112,Patrick Beverley,4.1,201976,2021-22,33,MIN,58,54,1476,177,436,94,194,83,242,96,133,62,178,240,268,67,52,73,174,533,0.406,0.485,0.343,0.722,0.539,0.501,G,beverpa01
113,Spencer Dinwiddie,4.1,203915,2021-22,28,WAS,67,51,1980,306,735,194,405,112,330,195,252,45,234,279,346,44,13,104,150,919,0.416,0.479,0.339,0.774,0.543,0.493,G,dinwisp01
114,Franz Wagner,4,1630532,2021-22,20,ORL,79,79,2429,456,975,360,704,96,271,189,219,84,272,356,231,68,34,119,164,1197,0.468,0.511,0.354,0.863,0.559,0.517,G-F,wagnefr01
115,Saddiq Bey,4,1630180,2021-22,22,DET,82,82,2704,450,1136,239,526,211,610,210,254,107,334,441,233,73,16,96,128,1321,0.396,0.454,0.346,0.827,0.529,0.489,F,beysa01
116,Caleb Martin,4,1628997,2021-22,26,MIA,60,12,1372,208,410,144,255,64,155,71,93,70,160,230,64,58,30,52,104,551,0.507,0.565,0.413,0.763,0.611,0.585,F,martica02
117,Duncan Robinson,3.9,1629130,2021-22,27,MIA,79,68,2043,290,726,58,102,232,624,51,61,24,179,203,129,42,14,60,201,863,0.399,0.569,0.372,0.836,0.573,0.559,G-F,robindu01
118,Obi Toppin,3.9,1630167,2021-22,23,NYK,72,10,1230,251,473,199,304,52,169,94,124,69,199,268,77,25,33,56,102,648,0.531,0.655,0.308,0.758,0.614,0.586,F,toppiob01
119,Cody Martin,3.9,1628998,2021-22,26,CHO,71,11,1866,204,423,143,264,61,159,75,107,82,203,285,179,88,32,61,116,544,0.482,0.542,0.384,0.701,0.579,0.554,G-F,martico01
120,Jeff Green,3.9,201145,2021-22,35,DEN,75,63,1849,277,529,224,361,53,168,165,198,41,190,231,96,28,27,71,151,772,0.524,0.62,0.315,0.833,0.627,0.574,F,greenje02
121,Brandon Ingram,3.9,1627742,2021-22,24,NOP,55,55,1869,453,983,379,757,74,226,266,322,35,285,320,307,34,26,151,119,1246,0.461,0.501,0.327,0.826,0.554,0.498,F,ingrabr01
122,Amir Coffey,3.8,1629599,2021-22,24,LAC,69,30,1567,211,466,115,212,96,254,101,117,26,171,197,124,38,15,45,87,619,0.453,0.542,0.378,0.863,0.598,0.556,G,coffeam01
123,Tyler Herro,3.8,1629639,2021-22,22,MIA,66,10,2151,501,1122,326,683,175,439,190,219,32,297,329,263,44,8,174,95,1367,0.447,0.477,0.399,0.868,0.561,0.525,G,herroty01
124,Matisse Thybulle,3.7,1629680,2021-22,24,PHI,66,50,1685,150,300,105,156,45,144,34,43,42,109,151,75,115,71,39,158,379,0.5,0.673,0.313,0.791,0.594,0.575,G,thybuma01
125,OG Anunoby,3.7,,2021-22,24,TOR,48,48,1728,309,697,194,380,115,317,89,118,74,190,264,125,71,25,80,131,822,0.443,0.511,0.363,0.754,0.549,0.526,F,anunoog01
126,Nicolas Batum,3.7,201587,2021-22,33,LAC,59,54,1462,179,387,71,117,108,270,25,38,29,225,254,100,58,42,40,80,491,0.463,0.607,0.4,0.658,0.608,0.602,F-G,batumni01
127,De'Anthony Melton,3.7,1629001,2021-22,23,MEM,73,15,1657,281,695,142,323,139,372,90,120,64,264,328,194,104,39,112,128,791,0.404,0.44,0.374,0.75,0.529,0.504,G,meltode01
128,Evan Fournier,3.7,203095,2021-22,29,NYK,80,80,2358,402,965,161,346,241,619,80,113,34,176,210,171,79,20,105,180,1125,0.417,0.465,0.389,0.708,0.554,0.541,G-F,fournev01
129,Bogdan Bogdanovic,3.7,203992,2021-22,29,ATL,63,27,1848,342,794,173,335,169,459,97,115,29,221,250,194,68,14,70,132,950,0.431,0.516,0.368,0.843,0.562,0.537,G,bogdabo01
130,Delon Wright,3.6,1626153,2021-22,29,ATL,77,8,1452,122,269,78,153,44,116,54,63,50,170,220,188,93,19,45,56,342,0.454,0.51,0.379,0.857,0.576,0.535,G,wrighde01
131,Danilo Gallinari,3.6,,2021-22,33,ATL,66,18,1672,259,597,147,303,112,294,141,156,35,273,308,101,28,12,38,93,771,0.434,0.485,0.381,0.904,0.579,0.528,F,gallida01
132,Max Strus,3.6,1629622,2021-22,25,MIA,68,16,1587,249,564,68,122,181,442,42,53,24,178,202,92,28,16,57,116,721,0.441,0.557,0.41,0.792,0.614,0.602,G,strusma01
133,Draymond Green,3.6,203110,2021-22,31,GSW,46,44,1329,135,257,119,203,16,54,60,91,45,291,336,320,61,50,139,136,346,0.525,0.586,0.296,0.659,0.582,0.556,F,greendr01
134,Malik Monk,3.6,1628370,2021-22,23,LAL,76,37,2139,391,826,218,384,173,442,93,117,37,219,256,218,61,29,122,138,1048,0.473,0.568,0.391,0.795,0.597,0.578,G,monkma01
135,Jusuf Nurkic,3.6,203994,2021-22,27,POR,56,56,1579,321,600,306,544,15,56,185,268,167,452,619,157,62,34,143,189,842,0.535,0.563,0.268,0.69,0.586,0.548,C,nurkiju01
136,Carmelo Anthony,3.6,,2021-22,37,LAL,69,3,1793,319,723,170,326,149,397,132,159,62,226,288,68,47,52,59,166,919,0.441,0.521,0.375,0.83,0.579,0.544,F,anthoca01
137,CJ McCollum,3.6,203468,2021-22,30,POR,62,62,2145,536,1164,354,695,182,469,116,170,53,216,269,315,70,22,127,121,1370,0.46,0.509,0.388,0.682,0.553,0.539,G,mccolcj01
138,Trey Lyles,3.5,1626168,2021-22,26,SAC,75,23,1537,262,562,195,353,67,209,195,243,89,290,379,88,29,32,73,123,786,0.466,0.552,0.321,0.802,0.588,0.526,F,lylestr01
139,Josh Richardson,3.5,1626196,2021-22,28,SAS,65,7,1600,234,534,132,288,102,246,96,108,42,143,185,115,56,29,66,116,666,0.438,0.458,0.415,0.889,0.573,0.534,G,richajo01
140,Jordan Clarkson,3.5,203903,2021-22,29,UTA,79,1,2141,466,1113,276,516,190,597,144,174,67,206,273,194,66,16,129,149,1266,0.419,0.535,0.318,0.828,0.532,0.504,G,clarkjo01
141,Dwight Howard,3.5,,2021-22,36,LAL,60,27,971,134,219,126,204,8,15,96,146,118,238,356,35,34,36,47,115,372,0.612,0.618,0.533,0.658,0.657,0.63,C,howardw01
142,Dewayne Dedmon,3.5,203473,2021-22,32,MIA,67,15,1065,164,290,145,243,19,47,75,100,105,281,386,47,24,42,70,174,422,0.566,0.597,0.404,0.75,0.632,0.598,C,dedmode01
143,Kyle Anderson,3.5,203937,2021-22,28,MEM,69,11,1484,209,469,173,360,36,109,67,105,69,299,368,183,77,45,71,108,521,0.446,0.481,0.33,0.638,0.506,0.484,F-G,anderky01
144,Nic Claxton,3.5,1629651,2021-22,22,BRK,47,19,974,178,264,178,264,0,0,54,93,91,173,264,43,24,51,38,110,410,0.674,0.674,,0.581,0.672,0.674,C,claxtni01
145,Isaiah Stewart,3.4,1630191,2021-22,20,DET,71,71,1816,250,490,235,444,15,46,74,103,226,391,617,82,22,78,85,211,589,0.51,0.529,0.326,0.718,0.55,0.526,F-C,stewais01
146,Drew Eubanks,3.4,1629234,2021-22,24,SAS,71,31,1245,221,371,216,348,5,23,99,130,130,252,382,85,31,40,81,122,546,0.596,0.621,0.217,0.762,0.638,0.602,F,eubandr01
147,P.J. Washington,3.4,1629023,2021-22,23,CHO,65,28,1768,250,532,140,231,110,301,58,81,82,255,337,147,57,61,82,152,668,0.47,0.606,0.365,0.716,0.588,0.573,F,washipj01
148,Kyrie Irving,3.3,202681,2021-22,29,BRK,29,29,1091,289,616,189,377,100,239,118,129,16,111,127,167,41,17,73,81,796,0.469,0.501,0.418,0.915,0.592,0.55,G,irvinky01
149,Damian Jones,3.3,1627745,2021-22,26,SAC,56,15,1017,175,266,165,237,10,29,94,131,75,171,246,69,26,47,59,130,454,0.658,0.696,0.345,0.718,0.701,0.677,F-C,jonesda03
150,Devin Vassell,3.3,1630170,2021-22,21,SAS,71,32,1937,326,764,189,384,137,380,83,99,44,262,306,136,76,41,58,143,872,0.427,0.492,0.361,0.838,0.54,0.516,G-F,vassede01
151,Kelly Oubre Jr.,3.3,1626162,2021-22,26,CHO,76,13,1999,410,932,219,379,191,553,126,189,79,223,302,84,77,31,67,189,1137,0.44,0.578,0.345,0.667,0.56,0.542,F,oubreke01
152,Richaun Holmes,3.2,1626158,2021-22,28,SAC,45,37,1074,198,300,196,295,2,5,70,90,93,224,317,48,17,41,56,128,468,0.66,0.664,0.4,0.778,0.689,0.663,C-F,holmeri01
153,Robert Covington,3.2,203496,2021-22,31,POR,71,42,1940,209,498,81,159,128,339,58,69,59,332,391,92,103,91,75,190,604,0.42,0.509,0.378,0.841,0.572,0.548,F-C,covinro01
154,Will Barton,3.2,203115,2021-22,31,DEN,71,71,2277,392,896,235,466,157,430,102,127,44,296,340,276,55,31,127,114,1043,0.438,0.504,0.365,0.803,0.548,0.525,G,bartowi01
155,Naz Reid,3.2,1629675,2021-22,22,MIN,77,6,1215,233,476,176,310,57,166,114,149,102,199,301,71,40,71,82,172,637,0.489,0.568,0.343,0.765,0.588,0.549,F,reidna01
156,Reggie Bullock,3.2,203493,2021-22,30,DAL,68,37,1902,201,501,60,109,141,392,40,48,33,208,241,83,41,14,40,111,583,0.401,0.55,0.36,0.833,0.558,0.542,G-F,bullore01
157,Willy Hernangomez,3.2,1626195,2021-22,27,NOP,50,8,839,170,327,166,315,4,12,109,141,143,195,338,63,21,19,51,97,453,0.52,0.527,0.333,0.773,0.582,0.526,C,hernawi01
158,Julius Randle,3.1,203944,2021-22,27,NYK,72,72,2544,512,1246,392,856,120,390,303,401,125,591,716,370,53,39,245,205,1447,0.411,0.458,0.308,0.756,0.509,0.459,F-C,randlju01
159,Myles Turner,3.1,1626167,2021-22,25,IND,42,42,1235,200,393,139,210,61,183,79,105,65,232,297,44,28,118,54,119,540,0.509,0.662,0.333,0.752,0.615,0.587,C-F,turnemy01
160,Payton Pritchard,3.1,1630202,2021-22,24,BOS,71,2,1001,160,373,59,128,101,245,21,21,32,102,134,139,25,6,41,61,442,0.429,0.461,0.412,1,0.578,0.564,G,pritcpa01
161,LaMarcus Aldridge,3.1,,2021-22,36,BRK,47,12,1050,252,458,238,412,14,46,89,102,73,185,258,42,14,47,44,78,607,0.55,0.578,0.304,0.873,0.604,0.566,F-C,aldrila01
162,Jae'Sean Tate,3,1630256,2021-22,26,HOU,78,77,2056,363,729,300,527,63,202,130,184,135,285,420,222,72,41,139,286,919,0.498,0.569,0.312,0.707,0.567,0.541,F,tateja01
163,Jonathan Kuminga,3,1630228,2021-22,19,GSW,70,12,1185,236,460,186,311,50,149,130,190,54,180,234,64,31,22,74,146,652,0.513,0.598,0.336,0.684,0.6,0.567,F,kuminjo01
164,Nemanja Bjelica,3,202357,2021-22,33,GSW,71,0,1142,160,342,106,193,54,149,59,81,62,232,294,159,41,26,87,128,433,0.468,0.549,0.362,0.728,0.573,0.547,F,bjeline01
165,Ayo Dosunmu,3,1630245,2021-22,22,CHI,77,40,2110,278,535,208,349,70,186,53,78,27,187,214,256,60,29,108,182,679,0.52,0.596,0.376,0.679,0.596,0.585,G,dosunay01
166,Maxi Kleber,3,1628467,2021-22,30,DAL,59,21,1450,141,354,58,99,83,255,46,65,70,280,350,68,30,58,47,137,411,0.398,0.586,0.325,0.708,0.537,0.516,F,klebima01
167,Dennis Schröder,2.9,,2021-22,28,HOU,64,29,1837,312,724,226,474,86,250,157,184,34,180,214,296,53,8,143,154,867,0.431,0.477,0.344,0.853,0.539,0.49,G,schrode01
168,Kenyon Martin Jr.,2.9,1630231,2021-22,21,HOU,79,2,1656,279,523,219,355,60,168,78,123,80,217,297,101,34,40,60,113,696,0.533,0.617,0.357,0.634,0.603,0.591,F,martike04
169,Isaiah Roby,2.9,1629676,2021-22,23,OKC,45,28,948,166,323,122,224,44,99,78,116,75,142,217,71,36,34,43,109,454,0.514,0.545,0.444,0.672,0.607,0.582,F,robyis01
170,Tre Jones,2.9,1630200,2021-22,22,SAS,69,11,1148,166,339,156,288,10,51,71,91,29,126,155,233,42,7,46,78,413,0.49,0.542,0.196,0.78,0.545,0.504,G,jonestr01
171,Cedi Osman,2.9,1626224,2021-22,26,CLE,66,3,1462,247,572,119,213,128,359,87,131,25,121,146,135,52,10,67,127,709,0.432,0.559,0.357,0.664,0.563,0.544,F,osmande01
172,Austin Reaves,2.9,1630559,2021-22,23,LAL,61,19,1418,146,318,93,151,53,167,99,118,45,148,193,110,29,20,40,87,444,0.459,0.616,0.317,0.839,0.6,0.542,G,reaveau01
173,Malik Beasley,2.9,1627736,2021-22,25,MIN,79,18,1976,332,850,92,213,240,637,49,60,26,201,227,116,43,12,43,88,953,0.391,0.432,0.377,0.817,0.544,0.532,G,beaslma01
174,Gordon Hayward,2.8,202330,2021-22,31,CHO,49,48,1564,283,617,197,397,86,220,126,149,38,186,224,177,47,22,81,85,778,0.459,0.496,0.391,0.846,0.57,0.528,F-G,haywago01
175,Patty Mills,2.8,201988,2021-22,33,BRK,81,48,2346,324,794,97,226,227,568,48,59,18,138,156,183,51,17,73,112,923,0.408,0.429,0.4,0.814,0.563,0.551,G,millspa02
176,Norman Powell,2.8,1626181,2021-22,28,POR,45,41,1458,279,605,173,352,106,253,189,233,20,125,145,96,42,21,69,106,853,0.461,0.491,0.419,0.811,0.603,0.549,G,powelno01
177,Kevin Huerter,2.8,1628989,2021-22,23,ATL,74,60,2188,345,760,185,349,160,411,42,52,32,222,254,203,55,26,91,185,892,0.454,0.53,0.389,0.808,0.57,0.559,G,huertke01
178,Kentavious Caldwell-Pope,2.8,203484,2021-22,28,WAS,77,77,2329,361,829,202,421,159,408,137,154,41,220,261,145,83,26,97,139,1018,0.435,0.48,0.39,0.89,0.568,0.531,G,caldwke01
179,Jaylen Nowell,2.8,1629669,2021-22,22,MIN,62,1,975,196,413,133,253,63,160,72,92,22,101,123,130,27,10,36,73,527,0.475,0.526,0.394,0.783,0.581,0.551,G,nowelja01
180,Georges Niang,2.8,1627777,2021-22,28,PHI,76,7,1736,246,563,90,176,156,387,52,59,25,178,203,102,30,13,59,190,700,0.437,0.511,0.403,0.881,0.594,0.575,F,niangge01
181,Jalen Smith,2.8,1630188,2021-22,21,PHO,51,8,925,176,350,136,228,40,122,78,102,101,206,307,24,15,41,42,96,470,0.503,0.596,0.328,0.765,0.595,0.56,F,smithja04
182,Devonte' Graham,2.8,1628984,2021-22,26,NOP,76,63,2162,296,815,104,252,192,563,118,140,37,140,177,316,71,12,105,95,902,0.363,0.413,0.341,0.843,0.514,0.481,G,grahade01
183,Garrison Mathews,2.8,1629726,2021-22,25,HOU,65,33,1712,184,461,45,75,139,386,143,180,32,158,190,64,57,24,41,168,650,0.399,0.6,0.36,0.794,0.602,0.55,G,mathega01
184,Moritz Wagner,2.8,1629021,2021-22,24,ORL,63,3,960,197,396,131,195,66,201,104,129,42,190,232,87,20,13,56,123,564,0.497,0.672,0.328,0.806,0.623,0.581,F-C,wagnemo01
185,JaMychal Green,2.7,203210,2021-22,31,DEN,67,8,1085,159,327,126,203,33,124,81,93,81,200,281,59,43,26,57,158,432,0.486,0.621,0.266,0.871,0.587,0.537,F,greenja01
186,Malcolm Brogdon,2.7,1627763,2021-22,29,IND,36,36,1206,243,543,185,357,58,186,143,167,33,152,185,212,30,14,77,71,687,0.448,0.518,0.312,0.856,0.557,0.501,G,brogdma01
187,Damion Lee,2.7,1627814,2021-22,29,GSW,63,5,1256,169,383,106,196,63,187,66,75,27,176,203,63,39,6,38,95,467,0.441,0.541,0.337,0.88,0.561,0.523,G,leeda03
188,Taj Gibson,2.7,201959,2021-22,36,NYK,52,4,946,86,166,71,128,15,38,42,52,88,141,229,32,22,40,27,137,229,0.518,0.555,0.395,0.808,0.606,0.563,F-C,gibsota01
189,Khem Birch,2.6,203920,2021-22,29,TOR,55,28,991,97,200,97,186,0,14,53,71,122,117,239,56,30,26,29,104,247,0.485,0.522,0,0.746,0.534,0.485,C-F,birchkh01
190,Landry Shamet,2.6,1629013,2021-22,24,PHO,69,14,1437,191,485,68,151,123,334,68,81,16,110,126,108,28,9,41,92,573,0.394,0.45,0.368,0.84,0.55,0.521,G,shamela01
191,De'Aaron Fox,2.5,1628368,2021-22,24,SAC,59,59,2083,516,1092,442,843,74,249,261,348,25,206,231,330,68,25,168,172,1367,0.473,0.524,0.297,0.75,0.549,0.506,G,foxde01
192,Gabe Vincent,2.5,1629216,2021-22,25,MIA,68,27,1589,214,513,95,190,119,323,44,54,22,104,126,210,62,12,98,158,591,0.417,0.5,0.368,0.815,0.551,0.533,G,vincega01
193,Precious Achiuwa,2.5,1630173,2021-22,22,TOR,73,28,1725,265,603,209,447,56,156,78,131,146,327,473,82,37,41,84,151,664,0.439,0.468,0.359,0.595,0.503,0.486,F,achiupr01
194,Cory Joseph,2.5,202709,2021-22,30,DET,65,39,1600,178,400,113,243,65,157,100,113,29,145,174,237,42,17,85,147,521,0.445,0.465,0.414,0.885,0.579,0.526,G,josepco01
195,Marcus Morris,2.4,,2021-22,32,LAC,54,54,1564,300,691,199,416,101,275,129,148,26,213,239,113,28,18,69,115,830,0.434,0.478,0.367,0.872,0.549,0.507,F,morrima03
196,Jaden McDaniels,2.4,1630183,2021-22,21,MIN,70,31,1803,255,554,175,302,80,252,57,71,76,217,293,79,52,54,75,224,647,0.46,0.579,0.317,0.803,0.553,0.532,F,mcdanja02
197,Deni Avdija,2.4,1630166,2021-22,21,WAS,82,8,1984,250,579,168,320,82,259,103,136,52,373,425,167,59,44,87,190,685,0.432,0.525,0.317,0.757,0.536,0.503,G-F,avdijde01
198,Bones Hyland,2.4,1630538,2021-22,21,DEN,69,4,1310,230,571,99,213,131,358,107,125,14,174,188,191,41,20,86,153,698,0.403,0.465,0.366,0.856,0.558,0.518,G,hylanbo01
199,Josh Green,2.4,1630182,2021-22,21,DAL,67,3,1039,130,256,102,178,28,78,31,45,52,109,161,79,45,14,44,115,319,0.508,0.573,0.359,0.689,0.578,0.563,G-F,greenjo02
200,Terry Taylor,2.4,1630678,2021-22,22,IND,33,7,714,135,220,123,182,12,38,36,51,95,77,172,41,14,8,23,61,318,0.614,0.676,0.316,0.706,0.656,0.641,G-F,taylote01
201,Coby White,2.4,1629632,2021-22,21,CHI,61,17,1675,279,644,143,291,136,353,78,91,17,165,182,176,29,11,70,137,772,0.433,0.491,0.385,0.857,0.564,0.539,G,whiteco01
202,Jerami Grant,2.3,203924,2021-22,27,DET,47,47,1500,298,699,207,445,91,254,217,259,28,163,191,111,44,49,85,107,904,0.426,0.465,0.358,0.838,0.556,0.491,F,grantje01
203,Torrey Craig,2.3,1628470,2021-22,31,PHO,78,16,1596,200,441,123,207,77,234,39,52,86,224,310,91,46,36,67,151,516,0.454,0.594,0.329,0.75,0.556,0.541,G-F,craigto01
204,Jordan McLaughlin,2.3,1629162,2021-22,25,MIN,62,3,902,88,200,61,115,27,85,30,40,22,72,94,180,57,10,38,54,233,0.44,0.53,0.318,0.75,0.535,0.508,G,mclaujo01
205,Corey Kispert,2.3,1630557,2021-22,22,WAS,77,36,1801,234,514,122,194,112,320,54,62,53,156,209,85,35,22,50,93,634,0.455,0.629,0.35,0.871,0.586,0.564,G-F,kispeco01
206,RJ Barrett,2.3,1629628,2021-22,21,NYK,70,70,2417,487,1194,349,790,138,404,290,406,66,342,408,208,43,16,151,142,1402,0.408,0.442,0.342,0.714,0.511,0.466,G-F,barrerj01
207,George Hill,2.3,201588,2021-22,35,MIL,54,17,1253,118,275,77,141,41,134,57,62,38,117,155,120,42,6,41,70,334,0.429,0.546,0.306,0.919,0.552,0.504,G,hillge01
208,Larry Nance Jr.,2.3,1626204,2021-22,29,POR,46,11,1040,129,247,106,177,23,70,40,57,72,176,248,81,43,20,37,84,321,0.522,0.599,0.329,0.702,0.59,0.569,F-C,nancela02
209,Dean Wade,2.3,1629731,2021-22,25,CLE,51,28,980,99,217,48,75,51,142,20,30,31,119,150,52,29,7,16,88,269,0.456,0.64,0.359,0.667,0.584,0.574,F,wadede01
210,Oshae Brissett,2.2,1629052,2021-22,23,IND,67,25,1564,208,506,125,269,83,237,114,164,108,250,358,72,44,29,54,116,613,0.411,0.465,0.35,0.695,0.53,0.493,F,brissos01
211,Ziaire Williams,2.2,1630533,2021-22,20,MEM,62,31,1346,191,424,115,182,76,242,43,55,26,103,129,65,35,12,41,113,501,0.45,0.632,0.314,0.782,0.559,0.54,F,willizi02
212,Derrick Jones Jr.,2.2,1627884,2021-22,24,CHI,51,8,899,105,195,85,134,20,61,56,70,60,109,169,30,25,33,30,105,286,0.538,0.634,0.328,0.8,0.633,0.59,F,jonesde02
213,Lonzo Ball,2.2,,2021-22,24,CHI,35,35,1212,162,383,52,123,110,260,21,28,35,155,190,178,64,31,82,85,455,0.423,0.423,0.423,0.75,0.575,0.567,G,balllo01
214,DeAndre' Bembry,2.2,,2021-22,27,MIL,56,20,1026,124,221,109,185,15,36,21,35,42,121,163,66,49,25,31,113,284,0.561,0.589,0.417,0.6,0.601,0.595,F,bembrde01
215,Thaddeus Young,2.2,201152,2021-22,33,TOR,52,1,845,141,272,124,224,17,48,23,49,80,128,208,104,54,18,52,81,322,0.518,0.554,0.354,0.469,0.548,0.55,F,youngth01
216,Taurean Prince,2.2,1627752,2021-22,27,MIN,69,8,1177,177,390,91,161,86,229,62,82,26,148,174,68,47,23,53,116,502,0.454,0.565,0.376,0.756,0.589,0.564,F,princta02
217,Joe Ingles,2.2,204060,2021-22,34,UTA,45,15,1122,115,285,37,60,78,225,17,22,12,119,131,158,23,5,46,82,325,0.404,0.617,0.347,0.773,0.551,0.54,F-G,inglejo01
218,Caris LeVert,2.2,1627747,2021-22,27,IND,58,49,1781,379,854,297,598,82,256,146,193,43,171,214,248,51,23,108,131,986,0.444,0.497,0.32,0.756,0.525,0.492,G-F,leverca01
219,Chuma Okeke,2.2,1629643,2021-22,23,ORL,70,20,1749,216,575,98,204,118,371,55,65,47,300,347,118,97,42,57,95,605,0.376,0.48,0.318,0.846,0.501,0.478,F,okekech01
220,Gary Harris,2.2,203914,2021-22,27,ORL,61,30,1730,240,553,124,251,116,302,83,95,36,86,122,108,59,9,61,112,679,0.434,0.494,0.384,0.874,0.571,0.539,G,harriga01
221,Omer Yurtseven,2.1,1630209,2021-22,23,MIA,56,12,706,130,247,129,236,1,11,38,61,85,209,294,49,17,20,41,84,299,0.526,0.547,0.091,0.623,0.546,0.528,C,yurtsom01
222,Blake Griffin,2.1,201933,2021-22,32,BRK,56,24,958,133,313,95,168,38,145,55,76,60,168,228,105,27,14,31,95,359,0.425,0.565,0.262,0.724,0.518,0.486,F-C,griffbl01
223,Alperen Sengün,2.1,,2021-22,19,HOU,72,13,1489,249,525,220,408,29,117,165,232,138,255,393,185,59,68,145,214,692,0.474,0.539,0.248,0.711,0.552,0.502,C-F,sengual01
224,Jose Alvarado,2.1,1630631,2021-22,23,NOP,54,1,834,131,294,99,184,32,110,36,53,25,75,100,152,71,7,40,73,330,0.446,0.538,0.291,0.679,0.52,0.5,G,alvarjo01
225,Hamidou Diallo,2.1,1628977,2021-22,23,DET,58,29,1269,261,526,238,433,23,93,91,140,69,208,277,73,71,17,58,143,636,0.496,0.55,0.247,0.65,0.541,0.518,G,diallha01
226,Mike Muscala,2.1,203488,2021-22,30,OKC,43,0,592,113,248,43,85,70,163,48,57,21,108,129,22,18,26,14,58,344,0.456,0.506,0.429,0.842,0.63,0.597,F-C,muscami01
227,Rudy Gay,2.1,200752,2021-22,35,UTA,55,1,1038,157,379,87,176,70,203,62,79,55,187,242,56,25,19,47,95,446,0.414,0.494,0.345,0.785,0.539,0.507,F,gayru01
228,Juan Toscano-Anderson,2,1629308,2021-22,28,GSW,73,6,994,115,235,87,148,28,87,40,70,28,148,176,127,48,17,68,115,298,0.489,0.588,0.322,0.571,0.561,0.549,F,toscaju01
229,Marvin Bagley III,2,1628963,2021-22,22,SAC,48,25,1146,225,446,202,349,23,97,67,101,105,233,338,36,22,18,39,93,540,0.504,0.579,0.237,0.663,0.551,0.53,F-C,baglema01
230,Kyle Kuzma,2,1628398,2021-22,26,WAS,66,66,2204,423,936,295,561,128,375,156,219,70,491,561,233,42,57,169,128,1130,0.452,0.526,0.341,0.712,0.547,0.52,F,kuzmaky01
231,Tim Hardaway Jr.,2,203501,2021-22,29,DAL,42,20,1245,209,530,107,226,102,304,78,103,13,143,156,92,38,6,34,74,598,0.394,0.473,0.336,0.757,0.52,0.491,G,hardati02
232,Facundo Campazzo,2,1630267,2021-22,30,DEN,65,4,1184,107,296,49,103,58,193,60,78,23,94,117,220,63,23,67,124,332,0.361,0.476,0.301,0.769,0.503,0.459,G,campafa01
233,Serge Ibaka,2,201586,2021-22,32,MIL,54,12,877,148,296,111,197,37,99,32,44,62,188,250,49,11,33,43,102,365,0.5,0.563,0.374,0.727,0.579,0.563,F-C,ibakase01
234,Alex Caruso,2,1627936,2021-22,27,CHI,41,18,1147,102,256,60,130,42,126,58,73,33,115,148,165,71,15,57,106,304,0.398,0.462,0.333,0.795,0.528,0.48,G,carusal01
235,Eric Paschall,2,,2021-22,25,UTA,58,3,736,114,235,74,127,40,108,66,86,30,76,106,36,9,5,27,51,334,0.485,0.583,0.37,0.767,0.612,0.57,F,pascher01
236,Anfernee Simons,1.9,1629014,2021-22,22,POR,57,30,1681,353,797,174,355,179,442,103,116,26,125,151,221,30,6,115,110,988,0.443,0.49,0.405,0.888,0.583,0.555,G,simonan01
237,Cameron Payne,1.9,1626166,2021-22,27,PHO,58,12,1278,240,587,169,376,71,211,75,89,24,151,175,282,40,17,103,119,626,0.409,0.449,0.336,0.843,0.5,0.469,G,payneca01
238,Daniel Theis,1.9,1628464,2021-22,29,BOS,47,27,977,151,291,118,184,33,107,49,72,59,169,228,41,20,31,46,111,384,0.519,0.641,0.308,0.681,0.595,0.576,C,theisda01
239,Trendon Watford,1.9,1630570,2021-22,21,POR,48,10,869,142,267,133,229,9,38,71,94,57,142,199,81,25,28,44,116,364,0.532,0.581,0.237,0.755,0.59,0.549,F,watfotr01
240,DeAndre Jordan,1.9,201599,2021-22,33,PHI,48,20,622,92,143,92,143,0,0,22,40,83,181,264,21,12,35,37,71,206,0.643,0.643,,0.55,0.641,0.643,C,jordade01
241,Danny Green,1.9,201980,2021-22,34,PHI,62,28,1353,126,320,23,49,103,271,11,14,32,125,157,64,60,37,45,105,366,0.394,0.469,0.38,0.786,0.561,0.555,G-F,greenda02
242,Trey Murphy III,1.9,1630530,2021-22,21,NOP,62,1,864,109,277,38,91,71,186,45,51,47,100,147,38,23,7,16,60,334,0.394,0.418,0.382,0.882,0.558,0.522,F,murphtr02
243,Buddy Hield,1.9,1627741,2021-22,29,SAC,81,32,2499,446,1098,184,382,262,716,111,127,66,287,353,229,73,25,153,184,1265,0.406,0.482,0.366,0.874,0.548,0.526,G-F,hieldbu01
244,Goga Bitadze,1.9,1629048,2021-22,22,IND,50,16,729,131,252,108,172,23,80,64,94,79,98,177,55,21,42,46,107,349,0.52,0.628,0.288,0.681,0.595,0.565,C,bitadgo01
245,Kemba Walker,1.8,202689,2021-22,31,NYK,37,37,948,149,370,76,171,73,199,60,71,14,97,111,131,26,7,48,37,431,0.403,0.444,0.367,0.845,0.537,0.501,G,walkeke02
246,Kenrich Williams,1.8,1629026,2021-22,27,OKC,49,0,1072,146,317,105,196,41,121,30,55,75,145,220,108,44,10,46,81,363,0.461,0.536,0.339,0.545,0.532,0.525,G-F,willike04
247,Stanley Johnson,1.8,1626169,2021-22,25,LAL,48,27,1094,117,251,84,146,33,105,53,74,34,121,155,80,43,14,35,109,320,0.466,0.575,0.314,0.716,0.564,0.532,F,johnsst04
248,Bismack Biyombo,1.8,202687,2021-22,29,PHO,36,3,506,86,145,86,145,0,0,38,71,63,104,167,23,12,26,25,70,210,0.593,0.593,,0.535,0.596,0.593,C-F,biyombi01
249,Zeke Nnaji,1.8,1630192,2021-22,21,DEN,41,1,698,96,186,59,106,37,80,41,65,56,91,147,17,16,13,23,79,270,0.516,0.557,0.463,0.631,0.629,0.616,F,nnajize01
250,Klay Thompson,1.8,202691,2021-22,31,GSW,32,32,941,246,573,132,277,114,296,46,51,15,110,125,88,16,17,43,54,652,0.429,0.477,0.385,0.902,0.547,0.529,G-F,thompkl01
251,Xavier Tillman Sr.,1.8,,2021-22,23,MEM,53,2,701,98,216,88,167,10,49,46,71,66,95,161,62,49,15,34,63,252,0.454,0.527,0.204,0.648,0.51,0.477,F,tillmxa01
252,Darius Bazley,1.8,1629647,2021-22,21,OKC,69,53,1924,274,649,194,380,80,269,117,170,71,365,436,97,58,70,90,68,745,0.422,0.511,0.297,0.688,0.515,0.484,F,bazleda01
253,Damian Lillard,1.7,203081,2021-22,31,POR,29,29,1056,222,552,130,268,92,284,159,181,13,107,120,212,17,11,83,37,695,0.402,0.485,0.324,0.878,0.55,0.486,G,lillada01
254,Jalen McDaniels,1.7,1629667,2021-22,24,CHO,55,2,895,123,254,82,146,41,108,53,72,37,133,170,58,26,22,36,93,340,0.484,0.562,0.38,0.736,0.595,0.565,F,mcdanja01
255,Nassir Little,1.7,1629642,2021-22,21,POR,42,23,1088,145,315,94,161,51,154,69,94,58,178,236,54,25,36,40,82,410,0.46,0.584,0.331,0.734,0.575,0.541,F,littlna01
256,Shake Milton,1.7,1629003,2021-22,25,PHI,55,6,1179,173,403,130,270,43,133,61,73,30,112,142,139,28,17,44,99,450,0.429,0.481,0.323,0.836,0.517,0.483,G,miltosh01
257,James Johnson,1.7,201949,2021-22,34,BRK,62,10,1191,144,307,121,222,23,85,29,55,51,164,215,130,30,34,48,162,340,0.469,0.545,0.271,0.527,0.513,0.507,F,johnsja01
258,Russell Westbrook,1.7,201566,2021-22,33,LAL,78,78,2678,548,1233,469,968,79,265,266,399,110,470,580,550,75,20,295,235,1441,0.444,0.485,0.298,0.667,0.512,0.476,G,westbru01
259,Kelly Olynyk,1.6,203482,2021-22,30,DET,40,1,764,128,286,88,167,40,119,69,89,54,123,177,111,31,19,58,100,365,0.448,0.527,0.336,0.775,0.561,0.517,C-F,olynyke01
260,Lamar Stevens,1.6,1630205,2021-22,24,CLE,63,13,1015,156,319,138,254,18,65,53,75,47,117,164,44,31,18,41,106,383,0.489,0.543,0.277,0.707,0.544,0.517,F,stevela01
261,Davon Reed,1.6,1628432,2021-22,26,DEN,48,5,668,81,161,44,75,37,86,10,15,14,94,108,53,24,9,16,63,209,0.503,0.587,0.43,0.667,0.624,0.618,G,reedda01
262,Tristan Thompson,1.6,,2021-22,30,SAC,57,6,897,141,267,140,264,1,3,61,116,120,168,288,34,23,21,45,98,344,0.528,0.53,0.333,0.526,0.541,0.53,F-C,thomptr01
263,Cole Anthony,1.6,1630175,2021-22,21,ORL,65,65,2059,357,912,225,521,132,391,216,253,32,316,348,369,46,17,170,171,1062,0.391,0.432,0.338,0.854,0.519,0.464,G,anthoco01
264,Dillon Brooks,1.6,1628415,2021-22,26,MEM,32,31,885,227,526,181,377,46,149,90,106,29,73,102,88,36,8,50,105,590,0.432,0.48,0.309,0.849,0.515,0.475,F-G,brookdi01
265,Keita Bates-Diop,1.6,1628966,2021-22,26,SAS,59,14,956,136,263,119,208,17,55,46,61,62,169,231,41,27,14,45,61,335,0.517,0.572,0.309,0.754,0.578,0.549,F,bateske01
266,Andre Iguodala,1.6,2738,2021-22,38,GSW,31,0,603,46,121,29,47,17,74,15,20,21,79,100,114,27,22,28,34,124,0.38,0.617,0.23,0.75,0.478,0.45,F-G,iguodan01
267,Doug McDermott,1.6,203926,2021-22,30,SAS,51,51,1223,215,465,107,209,108,256,40,51,18,97,115,64,13,6,43,79,578,0.462,0.512,0.422,0.784,0.593,0.578,F,mcderdo01
268,DeMarcus Cousins,1.6,,2021-22,31,MIL,48,7,718,149,324,112,202,37,122,95,125,74,196,270,71,35,21,85,139,430,0.46,0.554,0.303,0.76,0.567,0.517,C-F,couside01
269,Raul Neto,1.5,203526,2021-22,29,WAS,70,19,1372,204,441,169,321,35,120,83,108,13,121,134,217,55,3,79,104,526,0.463,0.526,0.292,0.769,0.538,0.502,G,netora01
270,Nerlens Noel,1.5,203457,2021-22,27,NYK,25,11,562,32,60,32,57,0,3,21,30,48,93,141,23,30,31,20,67,85,0.533,0.561,0,0.7,0.581,0.533,C-F,noelne01
271,Jock Landale,1.5,1629111,2021-22,26,SAS,54,1,589,101,204,72,115,29,89,34,41,63,75,138,45,10,14,31,53,265,0.495,0.626,0.326,0.829,0.597,0.566,C,landajo01
272,Chimezie Metu,1.5,1629002,2021-22,24,SAC,60,20,1279,203,449,146,263,57,186,71,91,34,301,335,60,51,32,61,93,534,0.452,0.555,0.306,0.78,0.546,0.516,F-C,metuch01
273,Jericho Sims,1.5,1630579,2021-22,23,NYK,41,5,555,39,54,39,54,0,0,12,29,61,108,169,21,11,22,20,66,90,0.722,0.722,,0.414,0.674,0.722,F,simsje01
274,Jeremiah Robinson-Earl,1.5,1630526,2021-22,21,OKC,49,36,1087,134,324,76,159,58,165,40,54,75,199,274,49,29,15,39,75,366,0.414,0.478,0.352,0.741,0.526,0.503,F,robinje02
275,Aaron Holiday,1.5,1628988,2021-22,25,WAS,63,15,1021,151,338,112,235,39,103,59,68,24,98,122,153,42,9,67,92,400,0.447,0.477,0.379,0.868,0.544,0.504,G,holidaa01
276,Bryn Forbes,1.4,1627854,2021-22,28,SAS,75,2,1286,231,539,109,244,122,295,79,87,10,83,93,75,25,5,56,95,663,0.429,0.447,0.414,0.908,0.574,0.542,G,forbebr01
277,Rui Hachimura,1.4,1629060,2021-22,23,WAS,42,13,943,187,381,132,258,55,123,46,66,25,135,160,48,23,9,33,53,475,0.491,0.512,0.447,0.697,0.579,0.563,F,hachiru01
278,Derrick Rose,1.4,201565,2021-22,33,NYK,26,4,636,122,274,85,182,37,92,30,31,21,57,78,103,22,12,39,15,311,0.445,0.467,0.402,0.968,0.541,0.513,G,rosede01
279,Derrick Favors,1.4,,2021-22,30,OKC,39,18,653,94,182,92,166,2,16,16,25,58,126,184,25,17,12,9,62,206,0.516,0.554,0.125,0.64,0.534,0.522,F-C,favorde01
280,Troy Brown Jr.,1.4,1628972,2021-22,22,CHI,66,7,1055,108,258,61,125,47,133,20,26,39,164,203,66,36,5,26,62,283,0.419,0.488,0.353,0.769,0.525,0.51,G-F,browntr01
281,Quentin Grimes,1.4,1629656,2021-22,21,NYK,46,6,786,95,235,23,46,72,189,13,19,24,70,94,44,31,11,28,72,275,0.404,0.5,0.381,0.684,0.565,0.557,G,grimequ01
282,Justin Holiday,1.4,203200,2021-22,32,SAC,74,65,2057,261,662,84,180,177,482,50,62,29,161,190,128,57,33,70,154,749,0.394,0.467,0.367,0.806,0.543,0.528,F,holidju01
283,Isaiah Jackson,1.4,1630543,2021-22,20,IND,36,15,541,116,206,111,190,5,16,60,88,60,89,149,10,25,52,40,92,297,0.563,0.584,0.313,0.682,0.607,0.575,C-F,jacksis01
284,Eric Gordon,1.4,201569,2021-22,33,HOU,57,46,1669,268,564,144,263,124,301,105,135,15,98,113,154,28,18,107,63,765,0.475,0.548,0.412,0.778,0.614,0.585,G-F,gordoer01
285,Bradley Beal,1.4,203078,2021-22,28,WAS,40,40,1439,348,771,285,561,63,210,169,203,38,151,189,265,36,15,135,95,928,0.451,0.508,0.3,0.833,0.539,0.492,G,bealbr01
286,Luguentz Dort,1.4,1629652,2021-22,22,OKC,51,51,1665,293,726,163,335,130,391,161,191,38,174,212,88,46,18,88,149,877,0.404,0.487,0.332,0.843,0.541,0.493,G,dortlu01
287,Enes Freedom,1.4,202683,2021-22,29,BOS,35,1,411,51,97,49,92,2,5,24,28,61,99,160,8,5,14,20,42,128,0.526,0.533,0.4,0.857,0.585,0.536,C,kanteen01
288,Anthony Gill,1.4,1630264,2021-22,29,WAS,44,0,463,62,109,48,83,14,26,42,52,33,52,85,27,5,11,18,58,180,0.569,0.578,0.538,0.808,0.682,0.633,F,gillan01
289,Trent Forrest,1.3,1630235,2021-22,23,UTA,60,6,765,76,155,71,128,5,27,38,48,23,76,99,106,30,6,48,43,195,0.49,0.555,0.185,0.792,0.554,0.506,G,forretr01
290,Eric Bledsoe,1.3,,2021-22,32,LAC,54,29,1361,197,468,146,305,51,163,89,117,28,154,182,225,69,19,116,85,534,0.421,0.479,0.313,0.761,0.514,0.475,G,bledser01
291,T.J. McConnell,1.3,204456,2021-22,29,IND,27,8,652,100,208,90,175,10,33,19,23,20,70,90,131,29,10,29,53,229,0.481,0.514,0.303,0.826,0.525,0.505,G,mccontj01
292,David Nwaba,1.3,,2021-22,29,HOU,46,4,609,85,176,70,127,15,49,48,67,41,110,151,35,28,20,21,55,233,0.483,0.551,0.306,0.716,0.567,0.526,G,nwabada01
293,Paul Reed,1.3,1630194,2021-22,22,PHI,38,2,302,54,96,52,88,2,8,6,14,44,48,92,16,33,14,10,57,116,0.563,0.591,0.25,0.429,0.568,0.573,F,reedpa01
294,Romeo Langford,1.3,1629641,2021-22,22,SAS,48,5,771,83,191,54,106,29,85,23,42,30,78,108,21,22,16,16,47,218,0.435,0.509,0.341,0.548,0.52,0.51,G,langfro01
295,Ricky Rubio,1.3,201937,2021-22,31,CLE,34,8,970,149,411,90,237,59,174,88,103,15,126,141,225,49,7,90,75,445,0.363,0.38,0.339,0.854,0.488,0.434,G,rubiori01
296,Paul George,1.3,202331,2021-22,31,LAC,31,31,1077,268,636,177,379,91,257,127,148,12,201,213,176,67,13,126,74,754,0.421,0.467,0.354,0.858,0.538,0.493,F,georgpa01
297,Moses Moody,1.3,1630541,2021-22,19,GSW,52,11,607,80,183,40,73,40,110,28,36,17,63,80,23,7,10,13,43,228,0.437,0.548,0.364,0.778,0.573,0.546,G,moodymo01
298,Tony Bradley,1.3,1628396,2021-22,24,CHI,55,7,549,72,123,72,123,0,0,19,29,67,119,186,27,10,33,34,62,163,0.585,0.585,,0.655,0.6,0.585,F-C,bradlto01
299,Day'Ron Sharpe,1.2,1630549,2021-22,20,BRK,32,8,391,86,149,84,142,2,7,24,41,81,79,160,17,10,15,30,60,198,0.577,0.592,0.286,0.585,0.593,0.584,C,sharpda01
300,Zach Collins,1.2,1628380,2021-22,24,SAS,28,4,502,76,155,62,114,14,41,52,65,46,107,153,61,13,23,45,67,218,0.49,0.544,0.341,0.8,0.594,0.535,C-F,colliza01
301,Jeremy Lamb,1.2,,2021-22,29,SAC,56,0,935,133,347,78,177,55,170,89,106,26,128,154,81,31,22,37,59,410,0.383,0.441,0.324,0.84,0.521,0.463,G-F,lambje01
302,Lonnie Walker IV,1.2,1629022,2021-22,23,SAS,70,6,1612,311,764,200,411,111,353,116,148,18,163,181,152,44,19,71,98,849,0.407,0.487,0.314,0.784,0.512,0.48,G,walkelo01
303,Furkan Korkmaz,1.2,1627788,2021-22,24,PHI,67,19,1414,182,470,105,204,77,266,68,84,22,153,175,127,33,9,48,58,509,0.387,0.515,0.289,0.81,0.502,0.469,G,korkmfu01
304,Aaron Wiggins,1.2,1630598,2021-22,23,OKC,50,35,1209,156,337,114,199,42,138,62,85,51,127,178,68,30,10,54,93,416,0.463,0.573,0.304,0.729,0.556,0.525,G,wiggiaa01
305,Gorgui Dieng,1.2,203476,2021-22,32,ATL,44,3,371,53,112,24,44,29,68,19,26,32,89,121,34,11,13,20,52,154,0.473,0.545,0.426,0.731,0.624,0.603,C,dienggo01
306,Rodney McGruder,1.2,203585,2021-22,30,DET,51,2,754,98,225,40,79,58,146,19,26,31,80,111,48,21,7,24,58,273,0.436,0.506,0.397,0.731,0.577,0.564,G,mcgruro01
307,Avery Bradley,1.2,,2021-22,31,LAL,62,45,1406,148,350,66,140,82,210,16,18,31,105,136,47,53,9,38,118,394,0.423,0.471,0.39,0.889,0.55,0.54,G,bradlav01
308,Jevon Carter,1.2,1628975,2021-22,26,MIL,66,3,905,98,253,32,83,66,170,15,18,14,96,110,96,24,14,34,67,277,0.387,0.386,0.388,0.833,0.531,0.518,G,carteje01
309,Wesley Matthews,1.2,202083,2021-22,35,MIL,49,14,1002,87,220,34,63,53,157,22,28,30,62,92,36,23,8,18,87,249,0.395,0.54,0.338,0.786,0.536,0.516,G,matthwe02
310,Austin Rivers,1.2,203085,2021-22,29,DEN,67,18,1480,146,350,67,119,79,231,32,44,19,95,114,90,51,6,54,121,403,0.417,0.563,0.342,0.727,0.546,0.53,G,riverau01
311,Moses Brown,1.2,1629650,2021-22,22,DAL,40,6,345,64,108,64,108,0,0,43,72,39,96,135,1,7,16,20,53,171,0.593,0.593,,0.597,0.612,0.593,C,brownmo01
312,Sandro Mamukelashvili,1.1,1630572,2021-22,22,MIL,41,3,407,57,115,35,63,22,52,18,22,35,47,82,22,9,9,15,28,154,0.496,0.556,0.423,0.818,0.618,0.591,C-F,mamuksa01
313,De'Andre Hunter,1.1,1629631,2021-22,24,ATL,53,52,1577,254,575,180,380,74,195,127,166,26,150,176,68,36,21,69,155,709,0.442,0.474,0.379,0.765,0.547,0.506,F,huntede01
314,Thomas Bryant,1.1,1628418,2021-22,24,WAS,27,9,439,77,148,65,106,12,42,35,40,26,82,108,23,6,21,19,43,201,0.52,0.613,0.286,0.875,0.607,0.561,C,bryanth01
315,Cody Zeller,1.1,203469,2021-22,29,POR,27,0,355,51,90,51,86,0,4,38,49,50,75,125,22,8,6,19,56,140,0.567,0.593,0,0.776,0.627,0.567,C-F,zelleco01
316,Talen Horton-Tucker,1.1,1629659,2021-22,21,LAL,60,19,1511,224,538,175,356,49,182,100,125,37,156,193,159,59,29,82,148,597,0.416,0.492,0.269,0.8,0.503,0.462,G-F,hortota01
317,Tomas Satoransky,1,,2021-22,30,WAS,55,13,906,72,191,61,138,11,53,43,54,27,99,126,184,29,5,46,71,198,0.377,0.442,0.208,0.796,0.461,0.406,G,satorto01
318,Wayne Ellington,1,,2021-22,34,LAL,43,9,810,98,237,16,26,82,211,9,11,10,67,77,30,23,5,19,42,287,0.414,0.615,0.389,0.818,0.593,0.586,G,ellinwa01
319,Malachi Flynn,1,1630201,2021-22,23,TOR,44,5,537,72,183,42,93,30,90,15,24,10,53,63,70,20,4,13,45,189,0.393,0.452,0.333,0.625,0.488,0.475,G,flynnma01
320,Danuel House Jr.,1,1627863,2021-22,28,UTA,42,7,727,80,198,36,81,44,117,44,58,18,93,111,44,21,17,33,51,248,0.404,0.444,0.376,0.759,0.555,0.515,G,houseda01
321,Olivier Sarr,1,1630846,2021-22,22,OKC,22,2,421,58,101,45,72,13,29,24,29,34,59,93,19,6,15,22,52,153,0.574,0.625,0.448,0.828,0.672,0.639,C,sarrol01
322,Cam Reddish,1,1629629,2021-22,22,NYK,49,7,1012,165,408,99,224,66,184,101,112,25,80,105,48,47,15,57,60,497,0.404,0.442,0.359,0.902,0.543,0.485,F,reddica01
323,Nick Richards,1,1630208,2021-22,24,CHO,50,5,367,60,90,60,90,0,0,30,43,34,52,86,13,9,21,24,51,150,0.667,0.667,,0.698,0.689,0.667,F-C,richani01
324,Nathan Knight,1,1630233,2021-22,24,MIN,37,2,267,45,88,41,75,4,13,44,60,32,53,85,22,7,8,18,42,138,0.511,0.547,0.308,0.733,0.603,0.534,F-C,knighna01
325,Thanasis Antetokounmpo,0.9,203648,2021-22,29,MIL,48,6,473,70,128,68,114,2,14,29,46,40,61,101,22,16,12,26,68,171,0.547,0.596,0.143,0.63,0.577,0.555,F,antetth01
326,Chris Duarte,0.9,1630537,2021-22,24,IND,55,39,1541,268,621,174,366,94,255,90,112,41,185,226,114,56,10,90,95,720,0.432,0.475,0.369,0.804,0.537,0.507,G,duartch01
327,Frank Ntilikina,0.9,1628373,2021-22,23,DAL,58,5,685,89,223,51,112,38,111,24,25,12,67,79,69,27,7,31,61,240,0.399,0.455,0.342,0.96,0.513,0.484,G,ntilila01
328,Saben Lee,0.9,1630240,2021-22,22,DET,37,0,604,69,177,55,117,14,60,56,71,18,69,87,107,36,12,36,44,208,0.39,0.47,0.233,0.789,0.499,0.429,G,leesa01
329,Alex Len,0.9,203458,2021-22,28,SAC,39,10,620,94,176,88,155,6,21,41,63,52,109,161,45,13,25,43,100,235,0.534,0.568,0.286,0.651,0.577,0.551,C,lenal01
330,Davis Bertans,0.9,202722,2021-22,29,WAS,56,0,807,99,275,22,45,77,230,36,40,12,105,117,31,17,12,19,85,311,0.36,0.489,0.335,0.9,0.531,0.5,F,bertada01
331,Juancho Hernangomez,0.9,1627823,2021-22,26,UTA,40,9,445,44,106,20,37,24,69,19,34,28,72,100,20,14,10,16,25,131,0.415,0.541,0.348,0.559,0.542,0.528,F,hernaju01
332,Timothe Luwawu-Cabarrot,0.9,,2021-22,26,ATL,52,18,685,74,186,30,64,44,122,35,41,17,65,82,40,18,6,20,76,227,0.398,0.469,0.361,0.854,0.556,0.516,F,luwawti01
333,Patrick Williams,0.9,1630172,2021-22,20,CHI,17,9,422,54,102,39,73,15,29,30,41,17,52,69,15,9,9,16,28,153,0.529,0.534,0.517,0.732,0.637,0.603,F,willipa01
334,Frank Kaminsky,0.9,1626163,2021-22,28,PHO,9,0,181,36,66,31,51,5,15,18,20,11,30,41,13,8,7,5,14,95,0.545,0.608,0.333,0.9,0.635,0.583,F-C,kaminfr01
335,Garrett Temple,0.8,202066,2021-22,35,NOP,59,16,1098,111,295,52,110,59,185,28,41,29,114,143,74,43,23,42,81,309,0.376,0.473,0.319,0.683,0.494,0.476,G,templga01
336,Kevin Porter Jr.,0.8,1629645,2021-22,21,HOU,61,61,1907,335,808,180,395,155,413,124,193,43,224,267,376,69,22,192,156,949,0.415,0.456,0.375,0.642,0.531,0.511,G,porteke02
337,Ben McLemore,0.8,,2021-22,28,POR,64,6,1285,216,539,65,122,151,417,72,88,12,91,103,59,38,10,55,103,655,0.401,0.533,0.362,0.818,0.567,0.541,G,mclembe01
338,Cam Thomas,0.8,1630560,2021-22,20,BRK,67,2,1176,218,503,171,329,47,174,87,105,16,145,161,78,33,8,55,66,570,0.433,0.52,0.27,0.829,0.519,0.48,G,thomaca02
339,Lance Stephenson,0.8,,2021-22,31,IND,46,1,814,147,323,120,233,27,90,63,80,12,115,127,165,24,4,72,96,384,0.455,0.515,0.3,0.788,0.536,0.497,G-F,stephla01
340,Robin Lopez,0.8,201577,2021-22,33,ORL,36,9,612,110,199,108,193,2,6,32,54,68,58,126,54,2,18,44,67,254,0.553,0.56,0.333,0.593,0.57,0.558,C,lopezro01
341,Justin Champagnie,0.8,1630551,2021-22,20,TOR,36,0,281,31,67,21,39,10,28,9,9,37,35,72,11,8,4,8,32,81,0.463,0.538,0.357,1,0.571,0.537,F,champju01
342,Dylan Windler,0.8,1629685,2021-22,25,CLE,50,0,459,37,98,16,28,21,70,15,18,21,68,89,34,14,3,16,47,110,0.378,0.571,0.3,0.833,0.519,0.485,G-F,windldy01
343,Sterling Brown,0.8,1628425,2021-22,26,DAL,49,3,628,59,155,31,63,28,92,14,15,26,123,149,34,14,7,23,56,160,0.381,0.492,0.304,0.933,0.495,0.471,G,brownst02
344,Lindy Waters III,0.8,1630322,2021-22,24,OKC,25,1,465,71,175,18,29,53,146,4,5,6,67,73,24,19,8,11,31,199,0.406,0.621,0.363,0.8,0.562,0.557,G,waterli01
345,D.J. Augustin,0.8,,2021-22,34,LAL,55,2,883,94,222,26,58,68,164,38,43,11,57,68,107,17,1,56,39,294,0.423,0.448,0.415,0.884,0.61,0.577,G,augusdj01
346,Svi Mykhailiuk,0.8,1629004,2021-22,24,TOR,56,5,716,91,234,50,100,41,134,32,37,20,72,92,45,26,4,32,54,255,0.389,0.5,0.306,0.865,0.509,0.476,G-F,mykhasv01
347,Justise Winslow,0.8,1626159,2021-22,25,POR,48,11,774,110,257,95,191,15,66,39,66,50,152,202,84,35,25,49,67,274,0.428,0.497,0.227,0.591,0.479,0.457,F,winslju01
348,Marquese Chriss,0.8,1627737,2021-22,24,DAL,34,0,346,62,134,54,109,8,25,22,33,33,70,103,17,13,12,17,64,154,0.463,0.495,0.32,0.667,0.518,0.493,F,chrisma01
349,Naji Marshall,0.8,1630230,2021-22,24,NOP,55,4,735,109,269,88,164,21,105,74,93,38,104,142,62,33,8,46,69,313,0.405,0.537,0.2,0.796,0.505,0.444,F,marshna01
350,Charles Bassey,0.8,1629646,2021-22,21,PHI,23,0,168,30,47,30,43,0,4,9,12,22,40,62,7,5,17,8,32,69,0.638,0.698,0,0.75,0.66,0.638,C,bassech01
351,Luka Garza,0.8,1630568,2021-22,23,DET,32,5,389,66,147,50,98,16,49,38,61,58,42,100,20,9,6,18,55,186,0.449,0.51,0.327,0.623,0.535,0.503,F-C,garzalu01
352,Frank Jackson,0.7,1628402,2021-22,23,DET,53,7,1164,194,483,108,204,86,279,86,104,19,68,87,55,27,9,38,89,560,0.402,0.529,0.308,0.827,0.53,0.491,G,jacksfr01
353,Donte DiVincenzo,0.7,1628978,2021-22,25,SAC,42,1,1006,118,336,44,118,74,218,70,83,40,130,170,118,48,8,72,69,380,0.351,0.373,0.339,0.843,0.51,0.461,G,divindo01
354,Gary Clark,0.7,,2021-22,27,NOP,38,1,378,33,88,5,18,28,70,7,10,23,67,90,18,13,7,10,20,101,0.375,0.278,0.4,0.7,0.547,0.534,F,clarkga01
355,Brandon Goodwin,0.7,,2021-22,26,CLE,36,5,502,64,154,45,99,19,55,24,38,14,53,67,91,25,1,36,39,171,0.416,0.455,0.345,0.632,0.501,0.477,G,goodwbr01
356,Rodney Hood,0.7,,2021-22,29,MIL,52,0,709,58,157,28,66,30,91,17,19,15,62,77,38,15,6,11,31,163,0.369,0.424,0.33,0.895,0.493,0.465,G-F,hoodro01
357,Yuta Watanabe,0.7,1629139,2021-22,27,TOR,38,4,445,56,138,29,59,27,79,24,40,18,74,92,21,11,16,19,38,163,0.406,0.492,0.342,0.6,0.524,0.504,F,watanyu01
358,Rajon Rondo,0.7,,2021-22,35,CLELAL,39,1,697,68,176,37,88,31,88,19,26,15,93,108,170,30,6,68,56,186,0.386,0.42,0.352,0.731,0.496,0.474,G,rondora01
359,Greg Monroe,0.7,,2021-22,31,WAS,14,0,195,32,57,32,57,0,0,12,23,30,34,64,22,8,10,12,24,76,0.561,0.561,,0.522,0.566,0.561,C-F,monrogr01
360,Isaiah Livers,0.7,1630587,2021-22,23,DET,19,5,383,41,90,14,26,27,64,12,14,15,42,57,21,13,7,15,37,121,0.456,0.538,0.422,0.857,0.629,0.606,F,liveris01
361,Jalen Green,0.7,1630224,2021-22,19,HOU,67,67,2138,406,954,249,496,157,458,188,236,33,193,226,176,44,18,135,103,1157,0.426,0.502,0.343,0.797,0.547,0.508,G,greenja05
362,Brook Lopez,0.7,201572,2021-22,33,MIL,13,11,298,61,131,42,78,19,53,20,23,19,34,53,6,8,15,12,34,161,0.466,0.538,0.358,0.87,0.57,0.538,C,lopezbr01
363,Wenyen Gabriel,0.7,1629117,2021-22,24,LAL,26,5,358,54,110,46,82,8,28,25,42,39,58,97,14,5,11,16,68,141,0.491,0.561,0.286,0.595,0.549,0.527,F,gabriwe01
364,Josh Okogie,0.7,1629006,2021-22,23,MIN,49,6,516,42,104,28,57,14,47,35,51,29,41,70,25,26,12,23,53,133,0.404,0.491,0.298,0.686,0.526,0.471,G,okogijo01
365,Udoka Azubuike,0.6,1628962,2021-22,22,UTA,17,6,195,37,49,37,49,0,0,6,11,18,53,71,0,1,11,12,25,80,0.755,0.755,,0.545,0.743,0.755,C,azubuud01
366,Kessler Edwards,0.6,1630556,2021-22,21,BRK,48,23,987,110,267,62,131,48,136,16,19,44,128,172,31,29,24,42,85,284,0.412,0.473,0.353,0.842,0.516,0.502,F,edwarke02
367,Jordan Nwora,0.6,1629670,2021-22,23,MIL,62,13,1185,186,462,107,235,79,227,36,43,37,184,221,59,25,17,57,78,487,0.403,0.455,0.348,0.837,0.506,0.488,F,nworajo01
368,Vit Krejci,0.6,1630249,2021-22,21,OKC,30,8,690,68,167,36,69,32,98,19,22,18,83,101,57,19,8,29,65,187,0.407,0.522,0.327,0.864,0.529,0.503,G,krejcvi01
369,Ish Wainright,0.6,1630688,2021-22,27,PHO,45,0,359,41,104,22,45,19,59,7,12,27,27,54,15,20,6,13,49,108,0.394,0.489,0.322,0.583,0.494,0.486,F,wainris01
370,Jaylen Hoard,0.6,,2021-22,22,OKC,7,5,240,44,90,35,65,9,25,6,14,30,54,84,17,6,5,8,14,103,0.489,0.538,0.36,0.429,0.536,0.539,F,hoardja01
371,Lou Williams,0.6,,2021-22,35,ATL,56,0,799,125,320,88,218,37,102,67,78,16,71,87,105,28,3,43,48,354,0.391,0.404,0.363,0.859,0.5,0.448,G,willilo02
372,Sam Hauser,0.6,1630573,2021-22,24,BOS,26,0,158,23,50,4,6,19,44,0,0,5,24,29,10,1,2,2,7,65,0.46,0.667,0.432,,0.65,0.65,F,hausesa01
373,Killian Tillie,0.6,,2021-22,23,MEM,36,3,461,43,127,16,41,27,86,5,8,21,39,60,22,23,15,13,58,118,0.339,0.39,0.314,0.625,0.452,0.445,F,tilliki02
374,Malcolm Hill,0.6,1630792,2021-22,26,CHI,19,0,212,24,52,11,16,13,36,11,14,11,24,35,8,7,3,3,24,72,0.462,0.688,0.361,0.786,0.619,0.587,F,hillma01
375,Matt Thomas,0.6,,2021-22,27,CHI,40,0,459,55,134,20,43,35,91,16,20,3,47,50,20,8,3,8,18,161,0.41,0.465,0.385,0.8,0.564,0.541,G,thomama02
376,Ish Smith,0.5,202397,2021-22,33,WAS,65,1,1126,185,430,160,363,25,67,15,24,25,115,140,244,47,23,78,78,410,0.43,0.441,0.373,0.625,0.465,0.459,G,smithis01
377,Ty Jerome,0.5,1629660,2021-22,24,OKC,48,4,801,124,328,70,142,54,186,38,47,19,59,78,109,30,5,37,73,340,0.378,0.493,0.29,0.809,0.488,0.46,G,jeromty01
378,Joe Harris,0.5,203925,2021-22,30,BRK,14,14,423,56,124,15,36,41,88,5,6,5,51,56,14,7,2,16,31,158,0.452,0.417,0.466,0.833,0.624,0.617,G,harrijo01
379,Tyler Cook,0.5,,2021-22,24,CHI,20,2,200,23,38,23,38,0,0,21,32,16,37,53,3,4,4,7,28,67,0.605,0.605,,0.656,0.643,0.605,F,cookty01
380,Ed Davis,0.5,,2021-22,32,CLE,31,3,201,11,16,11,16,0,0,6,14,14,50,64,7,3,9,5,33,28,0.688,0.688,,0.429,0.632,0.688,F,davised01
381,Usman Garuba,0.5,1630586,2021-22,19,HOU,24,2,239,19,44,14,24,5,20,5,7,21,62,83,17,10,11,6,28,48,0.432,0.583,0.25,0.714,0.51,0.489,F,garubus01
382,Devontae Cacok,0.5,,2021-22,25,SAS,15,0,121,21,31,21,31,0,0,4,7,8,34,42,6,8,7,3,16,46,0.677,0.677,,0.571,0.675,0.677,F,cacokde01
383,KZ Okpala,0.5,1629644,2021-22,22,MIA,21,0,244,30,69,21,43,9,26,8,11,11,30,41,14,4,7,5,25,77,0.435,0.488,0.346,0.727,0.521,0.5,F,okpalkz01
384,Terence Davis,0.5,1629056,2021-22,24,SAC,30,11,536,113,267,64,118,49,149,36,44,11,83,94,40,25,11,33,70,311,0.423,0.542,0.329,0.818,0.543,0.515,G,daviste02
385,Killian Hayes,0.5,1630165,2021-22,20,DET,66,40,1647,176,459,132,292,44,167,57,74,36,174,210,277,78,35,111,183,453,0.383,0.452,0.263,0.77,0.461,0.431,G,hayeski01
386,Paul Millsap,0.5,,2021-22,36,PHI,33,1,376,45,115,37,80,8,35,17,24,41,73,114,29,10,13,19,67,115,0.391,0.463,0.229,0.708,0.458,0.426,F,millspa01
387,Maurice Harkless,0.5,,2021-22,28,SAC,47,24,863,83,181,52,80,31,101,20,28,12,100,112,23,29,24,31,77,217,0.459,0.65,0.307,0.714,0.561,0.544,F-G,harklma01
388,Ignas Brazdeikis,0.5,,2021-22,23,ORL,42,1,536,81,188,54,101,27,87,21,32,23,49,72,37,10,3,17,48,210,0.431,0.535,0.31,0.656,0.52,0.503,F,brazdig01
389,Aaron Nesmith,0.4,1630174,2021-22,22,BOS,52,3,574,72,182,41,67,31,115,21,26,15,74,89,22,20,5,31,70,196,0.396,0.612,0.27,0.808,0.507,0.481,G-F,nesmiaa01
390,Victor Oladipo,0.4,203506,2021-22,29,MIA,8,1,173,35,73,20,37,15,36,14,19,3,20,23,28,5,1,16,13,99,0.479,0.541,0.417,0.737,0.608,0.582,G,oladivi01
391,Bruno Fernando,0.4,1628981,2021-22,23,HOU,30,0,152,36,55,35,53,1,2,15,24,18,37,55,7,1,11,14,24,88,0.655,0.66,0.5,0.625,0.671,0.664,F,fernabr01
392,Isaiah Joe,0.4,1630198,2021-22,22,PHI,55,1,609,62,177,17,42,45,135,29,31,6,50,56,35,14,3,19,47,198,0.35,0.405,0.333,0.935,0.519,0.477,G,joeis01
393,Dalano Banton,0.4,1630625,2021-22,22,TOR,64,1,696,83,202,70,151,13,51,26,44,38,86,124,99,28,10,53,68,205,0.411,0.464,0.255,0.591,0.463,0.443,G-F,bantoda01
394,Jared Butler,0.4,1630215,2021-22,21,UTA,42,1,360,61,151,33,63,28,88,11,16,5,40,45,63,17,8,33,47,161,0.404,0.524,0.318,0.688,0.509,0.497,G,butleja02
395,Vlatko Cancar,0.4,1628427,2021-22,24,DEN,15,1,176,23,41,16,29,7,12,9,14,8,23,31,17,2,3,9,18,62,0.561,0.552,0.583,0.643,0.657,0.646,F,cancavl01
396,Luke Kornet,0.4,1628436,2021-22,26,MIL,15,0,103,13,27,13,22,0,5,4,6,13,16,29,9,3,3,0,9,30,0.481,0.591,0,0.667,0.506,0.481,C-F,kornelu01
397,Brandon Boston Jr.,0.4,1630527,2021-22,20,LAC,51,0,760,125,325,91,214,34,111,59,72,17,94,111,51,26,13,31,43,343,0.385,0.425,0.306,0.819,0.481,0.437,G-F,bostobr01
398,Dennis Smith Jr.,0.4,1628372,2021-22,24,POR,37,4,638,79,189,73,162,6,27,42,64,20,68,88,132,45,12,51,52,206,0.418,0.451,0.222,0.656,0.474,0.434,G,smithde03
399,CJ Elleby,0.4,,2021-22,21,POR,58,28,1174,121,308,84,182,37,126,60,84,66,161,227,87,35,19,56,116,339,0.393,0.462,0.294,0.714,0.491,0.453,F,ellebcj01
400,Markelle Fultz,0.4,1628365,2021-22,23,ORL,18,3,360,83,175,79,158,4,17,25,31,4,45,49,99,20,5,40,22,195,0.474,0.5,0.235,0.806,0.517,0.486,G,fultzma01
401,Greg Brown III,0.4,1630535,2021-22,20,POR,48,6,640,81,190,62,129,19,61,44,65,38,97,135,35,26,24,36,90,225,0.426,0.481,0.311,0.677,0.515,0.476,F,browngr01
402,Tony Snell,0.4,,2021-22,30,POR,53,12,823,69,171,24,43,45,128,4,4,16,87,103,28,16,9,19,70,187,0.404,0.558,0.352,1,0.541,0.535,G-F,snellto01
403,Reggie Jackson,0.4,202704,2021-22,31,LAC,75,75,2337,479,1222,312,710,167,512,138,163,39,232,271,359,55,15,173,159,1263,0.392,0.439,0.326,0.847,0.488,0.46,G,jacksre01
404,Jared Harper,0.4,,2021-22,24,NOP,5,0,43,14,26,9,14,5,12,4,4,2,0,2,14,4,1,2,5,37,0.538,0.643,0.417,1,0.666,0.635,G,harpeja01
405,Theo Pinson,0.4,1629033,2021-22,26,DAL,19,0,148,14,39,4,9,10,30,10,10,2,19,21,17,5,2,5,12,48,0.359,0.444,0.333,1,0.553,0.487,G,pinsoth01
406,D.J. Wilson,0.4,,2021-22,25,TOR,4,1,54,11,15,11,13,0,2,8,10,1,15,16,5,5,1,2,6,30,0.733,0.846,0,0.8,0.773,0.733,F,wilsodj01
407,Aleksej Pokusevski,0.4,1630197,2021-22,20,OKC,61,12,1233,186,456,129,259,57,197,35,50,73,245,318,131,39,38,94,88,464,0.408,0.498,0.289,0.7,0.485,0.47,F,pokusal01
408,Josh Giddey,0.4,1630581,2021-22,19,OKC,54,54,1700,281,670,225,457,56,213,56,79,98,323,421,345,51,20,171,88,674,0.419,0.492,0.263,0.709,0.478,0.461,G,giddejo01
409,Rayjon Tucker,0.4,,2021-22,24,MIL,5,0,71,6,9,2,4,4,5,5,7,3,5,8,10,4,0,1,5,21,0.667,0.5,0.8,0.714,0.869,0.889,F,tuckera01
410,Goran Dragiƒa,0.4,,2021-22,35,TOR,21,8,498,57,151,41,88,16,63,27,33,13,52,65,86,19,4,34,45,157,0.377,0.466,0.254,0.818,0.474,0.43,G,dragigo01
411,Justin Anderson,0.4,,2021-22,28,IND,16,6,316,36,95,21,36,15,59,15,19,4,42,46,33,8,6,8,22,102,0.379,0.583,0.254,0.789,0.493,0.458,G,anderju01
412,Xavier Moon,0.3,1629875,2021-22,27,LAC,10,0,137,25,51,20,37,5,14,3,5,2,12,14,24,7,3,6,9,58,0.49,0.541,0.357,0.6,0.545,0.539,G,moonxa01
413,David Duke Jr.,0.3,1630561,2021-22,22,BRK,22,7,341,39,108,30,71,9,37,17,21,30,37,67,17,14,7,9,36,104,0.361,0.423,0.243,0.81,0.444,0.403,G,dukeda01
414,Markieff Morris,0.3,202693,2021-22,32,MIA,17,1,298,54,114,41,75,13,39,8,9,17,28,45,23,6,1,20,33,129,0.474,0.547,0.333,0.889,0.547,0.531,F,morrima02
415,Santi Aldama,0.3,1630583,2021-22,21,MEM,32,0,360,53,132,47,84,6,48,20,32,33,54,87,21,6,10,16,36,132,0.402,0.56,0.125,0.625,0.452,0.424,F,aldamsa01
416,Jabari Parker,0.3,203953,2021-22,26,BOS,12,0,112,18,38,10,22,8,16,9,9,5,23,28,6,4,1,8,13,53,0.474,0.455,0.5,1,0.632,0.579,F,parkeja01
417,Terrence Ross,0.3,203082,2021-22,30,ORL,63,0,1448,220,554,143,290,77,264,112,130,20,141,161,116,28,12,75,68,629,0.397,0.493,0.292,0.862,0.515,0.467,F-G,rosste01
418,JT Thor,0.3,1630550,2021-22,19,CHO,33,0,262,24,55,17,28,7,27,12,20,11,32,43,19,8,11,10,26,67,0.436,0.607,0.259,0.6,0.525,0.5,F,thorjt01
419,Mamadi Diakite,0.3,1629603,2021-22,25,OKC,13,3,188,25,47,25,42,0,5,6,11,17,42,59,2,5,9,7,33,56,0.532,0.595,0,0.545,0.54,0.532,F,diakima01
420,Markus Howard,0.3,,2021-22,22,DEN,31,0,176,39,101,11,31,28,70,20,23,2,10,12,7,9,0,7,17,126,0.386,0.355,0.4,0.87,0.567,0.525,G,howarma02
421,Th√©o Maledon,0.3,,2021-22,20,OKC,51,7,908,119,317,75,167,44,150,79,100,20,111,131,111,31,11,65,67,361,0.375,0.449,0.293,0.79,0.5,0.445,G,maledth01
422,Josh Christopher,0.3,1630528,2021-22,20,HOU,74,2,1334,224,500,168,311,56,189,83,113,52,134,186,150,65,13,114,97,587,0.448,0.54,0.296,0.735,0.534,0.504,G,chrisjo01
423,Skylar Mays,0.3,1630219,2021-22,24,ATL,28,5,220,32,64,24,39,8,25,8,9,5,20,25,17,7,0,10,9,80,0.5,0.615,0.32,0.889,0.589,0.563,G,mayssk01
424,PJ Dozier,0.3,1628408,2021-22,25,DEN,18,0,340,36,99,21,51,15,48,10,13,14,49,63,29,11,6,13,33,97,0.364,0.412,0.313,0.769,0.463,0.439,G,doziepj01
425,Admiral Schofield,0.3,1629678,2021-22,24,ORL,38,1,469,54,129,28,50,26,79,12,15,17,72,89,25,4,5,21,58,146,0.419,0.56,0.329,0.8,0.538,0.519,G-F,schofad01
426,Chris Silva,0.3,1629735,2021-22,25,MIN,10,0,91,8,15,8,15,0,0,10,12,13,23,36,7,0,1,8,20,26,0.533,0.533,,0.833,0.641,0.533,F,silvach01
427,Hassani Gravett,0.3,,2021-22,25,ORL,8,3,171,18,38,7,12,11,26,3,4,1,20,21,20,5,1,9,13,50,0.474,0.583,0.423,0.75,0.629,0.618,G,graveha01
428,Willie Cauley-Stein,0.2,,2021-22,28,PHI,20,2,183,16,35,15,33,1,2,1,2,13,27,40,10,6,3,7,19,34,0.457,0.455,0.5,0.5,0.474,0.471,F-C,caulewi01
429,Semi Ojeleye,0.2,,2021-22,27,MIL,30,0,406,30,99,15,49,15,50,23,29,27,47,74,9,7,6,9,30,98,0.303,0.306,0.3,0.793,0.438,0.379,F,ojelese01
430,Miles McBride,0.2,1630540,2021-22,21,NYK,40,2,372,32,108,15,40,17,68,8,12,4,38,42,41,14,1,5,45,89,0.296,0.375,0.25,0.667,0.393,0.375,G,mcbrimi01
431,Armoni Brooks,0.2,,2021-22,23,TOR,54,11,844,98,289,24,40,74,249,18,21,20,83,103,62,28,11,27,74,288,0.339,0.6,0.297,0.857,0.483,0.467,G,brookar01
432,Quinndary Weatherspoon,0.2,1629683,2021-22,25,GSW,11,0,73,12,21,11,16,1,5,5,5,2,12,14,5,1,1,3,15,30,0.571,0.688,0.2,1,0.647,0.595,G,weathqu01
433,Reggie Perry,0.2,,2021-22,21,POR,10,1,187,40,79,37,63,3,16,9,15,15,32,47,12,9,6,11,33,92,0.506,0.587,0.188,0.6,0.537,0.525,F-C,perryre01
434,Kevin Knox,0.2,,2021-22,22,NYK,30,0,222,31,85,16,31,15,54,16,22,14,30,44,10,4,2,7,19,93,0.365,0.516,0.278,0.727,0.491,0.453,F,knoxke01
435,Braxton Key,0.2,1630296,2021-22,24,PHI,11,0,197,33,72,27,51,6,21,7,13,13,37,50,11,10,11,11,26,79,0.458,0.529,0.286,0.538,0.508,0.5,F,keybr01
436,Mason Jones,0.2,,2021-22,23,LAL,4,0,51,7,15,6,11,1,4,12,15,1,9,10,4,2,0,1,8,27,0.467,0.545,0.25,0.8,0.625,0.5,G,jonesma05
437,Cameron Oliver,0.2,,2021-22,25,ATL,2,0,43,10,15,9,12,1,3,2,3,2,4,6,3,1,1,0,5,23,0.667,0.75,0.333,0.667,0.705,0.7,F,oliveca01
438,Trevor Ariza,0.2,,2021-22,36,LAL,24,11,462,33,99,13,25,20,74,10,18,10,72,82,27,13,6,11,20,96,0.333,0.52,0.27,0.556,0.449,0.434,F,arizatr01
439,Lindell Wigginton,0.2,1629623,2021-22,23,MIL,19,0,199,26,61,17,35,9,26,19,35,3,22,25,23,5,1,12,17,80,0.426,0.486,0.346,0.543,0.524,0.5,G,wiggili01
440,Denzel Valentine,0.2,,2021-22,28,UTA,24,0,222,25,66,6,19,19,47,0,0,9,33,42,11,8,0,12,20,69,0.379,0.316,0.404,,0.523,0.523,G,valende01
441,Isaiah Thomas,0.2,,2021-22,32,LAL,22,1,333,67,167,39,84,28,83,22,26,4,25,29,34,7,5,15,34,184,0.401,0.464,0.337,0.846,0.516,0.485,G,thomais02
442,Kris Dunn,0.2,1627739,2021-22,27,POR,14,3,336,44,102,43,91,1,11,17,18,9,40,49,79,23,3,32,38,106,0.431,0.473,0.091,0.944,0.482,0.436,G,dunnkr01
443,Joe Wieskamp,0.1,1630580,2021-22,22,SAS,29,0,205,20,56,6,13,14,43,7,13,4,10,14,9,4,3,2,14,61,0.357,0.462,0.326,0.538,0.494,0.482,G,wieskjo01
444,Alize Johnson,0.1,1628993,2021-22,25,WAS,23,0,167,17,39,17,35,0,4,7,12,28,33,61,9,5,0,12,18,41,0.436,0.486,0,0.583,0.463,0.436,F,johnsal02
445,Haywood Highsmith,0.1,1629312,2021-22,25,MIA,19,1,163,16,46,7,18,9,28,2,5,10,16,26,6,2,3,3,13,43,0.348,0.389,0.321,0.4,0.446,0.446,F,highsha01
446,Kyle Guy,0.1,1629657,2021-22,24,MIA,19,0,186,26,65,12,25,14,40,8,12,4,13,17,17,7,1,13,12,74,0.4,0.48,0.35,0.667,0.526,0.508,G,guyky01
447,Davion Mitchell,0.1,1630558,2021-22,23,SAC,75,19,2076,352,843,251,523,101,320,56,85,33,133,166,313,55,24,114,141,861,0.418,0.48,0.316,0.659,0.489,0.477,G,mitchda01
448,James Ennis III,0.1,,2021-22,31,LAC,7,0,56,11,24,8,16,3,8,4,5,5,7,12,3,2,2,2,5,29,0.458,0.5,0.375,0.8,0.553,0.521,F,ennisja01
449,Malik Fitts,0.1,1630238,2021-22,24,UTA,15,0,63,8,19,3,9,5,10,0,0,2,15,17,5,0,0,2,4,21,0.421,0.333,0.5,,0.553,0.553,F,fittsma01
450,Neemias Queta,0.1,1629674,2021-22,22,SAC,15,0,120,17,38,17,38,0,0,11,17,14,17,31,6,1,8,6,18,45,0.447,0.447,,0.647,0.495,0.447,C,quetane01
451,Brandon Knight,0.1,202688,2021-22,30,DAL,5,0,65,10,25,6,8,4,17,8,8,0,8,8,8,1,0,4,5,32,0.4,0.75,0.235,1,0.561,0.48,G,knighbr03
452,Trevelin Queen,0.1,1630243,2021-22,24,HOU,10,0,74,15,33,6,9,9,24,4,4,7,9,16,4,5,1,7,6,43,0.455,0.667,0.375,1,0.619,0.591,G,queentr01
453,Freddie Gillespie,0.1,,2021-22,24,ORL,9,2,119,9,22,9,21,0,1,3,7,13,23,36,5,3,9,5,18,21,0.409,0.429,0,0.429,0.419,0.409,F,gillefr01
454,Boban Marjanovic,0.1,1626246,2021-22,33,DAL,23,0,128,42,70,41,66,1,4,13,22,8,31,39,3,0,3,15,24,98,0.6,0.621,0.25,0.591,0.615,0.607,C,marjabo01
455,Jake Layman,0.1,,2021-22,27,MIN,34,1,231,30,73,22,38,8,35,13,18,6,30,36,9,7,5,10,12,81,0.411,0.579,0.229,0.722,0.5,0.466,F,laymaja01
456,Bol Bol,0.1,1629626,2021-22,22,DEN,14,0,81,15,27,14,23,1,4,2,5,4,16,20,5,1,2,4,4,33,0.556,0.609,0.25,0.4,0.565,0.574,F-C,bolbo01
457,Sekou Doumbouya,0.1,,2021-22,21,LAL,2,0,16,5,8,4,6,1,2,3,4,2,4,6,0,3,2,2,1,14,0.625,0.667,0.5,0.75,0.717,0.688,F,doumbse01
458,Devin Cannady,0.1,,2021-22,25,ORL,5,0,145,15,44,0,7,15,37,5,7,1,5,6,10,5,3,5,9,50,0.341,0,0.405,0.714,0.531,0.511,G,cannade01
459,Cameron McGriff,0.1,,2021-22,24,POR,3,0,46,5,14,3,8,2,6,2,2,6,9,15,3,0,1,0,7,14,0.357,0.375,0.333,1,0.47,0.429,F,mcgrica01
460,Gabriel Deck,0.1,,2021-22,26,OKC,7,0,56,8,14,6,10,2,4,0,0,1,5,6,5,1,0,2,2,18,0.571,0.6,0.5,,0.643,0.643,F,deckga01
461,B.J. Johnson,0.1,,2021-22,26,ORL,4,0,65,11,25,7,15,4,10,0,0,6,9,15,0,0,1,0,4,26,0.44,0.467,0.4,,0.52,0.52,G,johnsbj01
462,Isaac Bonga,0.1,,2021-22,22,TOR,15,0,69,3,13,2,9,1,4,5,8,4,3,7,4,8,2,2,10,12,0.231,0.222,0.25,0.625,0.363,0.269,G,bongais01
463,Marcus Garrett,0.1,1630585,2021-22,23,MIA,12,0,128,5,21,4,17,1,4,2,5,9,14,23,7,5,3,2,16,13,0.238,0.235,0.25,0.4,0.28,0.262,G,garrema01
464,Devon Dotson,0.1,1629653,2021-22,22,CHI,11,0,85,11,23,9,14,2,9,5,9,1,8,9,15,1,0,5,11,29,0.478,0.643,0.222,0.556,0.538,0.522,G,dotsode01
465,Jarrett Culver,0.1,1629633,2021-22,22,MEM,37,0,338,51,135,39,88,12,47,16,34,13,35,48,33,20,5,20,42,130,0.378,0.443,0.255,0.471,0.433,0.422,G,culveja01
466,Ryan Arcidiacono,0.1,1627853,2021-22,27,NYK,10,0,76,6,12,2,3,4,9,0,0,0,8,8,4,1,0,3,5,16,0.5,0.667,0.444,,0.667,0.667,G,arcidry01
467,Juwan Morgan,0.1,1629752,2021-22,24,TOR,2,0,31,2,3,1,1,1,2,0,0,2,2,4,1,0,0,0,3,5,0.667,1,0.5,,0.833,0.833,F,morgaju01
468,Wes Iwundu,0.1,,2021-22,27,ATL,3,1,82,8,18,5,13,3,5,3,4,3,10,13,0,1,0,1,8,22,0.444,0.385,0.6,0.75,0.557,0.528,F,iwundwe01
469,Nickeil Alexander-Walker,0.1,1629638,2021-22,23,UTA,65,21,1466,253,680,148,342,105,338,81,109,37,150,187,156,46,23,93,103,692,0.372,0.433,0.311,0.743,0.475,0.449,G,alexani01
470,Eugene Omoruyi,0.1,1630647,2021-22,24,DAL,4,0,18,2,5,1,3,1,2,2,4,2,5,7,2,0,0,0,2,7,0.4,0.333,0.5,0.5,0.518,0.5,F,omorueu01
471,Cheick Diallo,0.1,,2021-22,25,DET,3,0,31,3,8,3,8,0,0,5,6,4,8,12,0,1,0,1,6,11,0.375,0.375,,0.833,0.517,0.375,F,diallch01
472,Kent Bazemore,0.1,,2021-22,32,LAL,39,14,545,45,139,16,59,29,80,13,17,13,56,69,34,25,9,21,70,132,0.324,0.271,0.363,0.765,0.451,0.428,G-F,bazemke01
473,Daniel Oturu,0.1,,2021-22,22,TOR,3,0,27,3,6,3,5,0,1,3,5,1,4,5,0,0,2,0,1,9,0.5,0.6,0,0.6,0.549,0.5,F-C,oturuda01
474,Cassius Stanley,0.1,,2021-22,22,DET,9,1,155,19,46,15,29,4,17,10,10,5,14,19,4,5,2,6,17,52,0.413,0.517,0.235,1,0.516,0.457,G,stanlca01
475,Brodric Thomas,0.1,1630271,2021-22,25,BOS,12,0,60,8,18,6,9,2,9,3,5,2,8,10,11,1,1,6,7,21,0.444,0.667,0.222,0.6,0.52,0.5,G,thomabr01
476,Nik Stauskas,0.1,203917,2021-22,28,MIA,8,0,39,5,14,1,4,4,10,4,6,1,2,3,2,0,0,1,1,18,0.357,0.25,0.4,0.667,0.541,0.5,G,stausni01
477,Tyler Johnson,0.1,,2021-22,29,SAS,6,0,91,6,20,1,7,5,13,0,0,3,9,12,7,3,3,2,7,17,0.3,0.143,0.385,,0.425,0.425,G,johnsty01
478,Craig Sword,0.1,,2021-22,28,WAS,3,0,19,3,4,3,3,0,1,0,0,0,0,0,1,4,0,1,7,6,0.75,1,0,,0.75,0.75,G,swordcr01
479,Vernon Carey Jr.,0.1,1630176,2021-22,20,WAS,7,1,44,7,13,7,13,0,0,6,13,8,4,12,0,2,1,3,4,20,0.538,0.538,,0.462,0.534,0.538,C,careyve01
480,Tre Mann,0.1,1630544,2021-22,20,OKC,60,26,1367,231,588,133,316,98,272,65,82,25,146,171,91,47,12,71,102,625,0.393,0.421,0.36,0.793,0.501,0.476,G,manntr01
481,Udonis Haslem,0.1,2617,2021-22,41,MIA,13,0,83,14,31,13,27,1,4,3,3,4,21,25,4,1,1,5,15,32,0.452,0.481,0.25,1,0.495,0.468,F-C,hasleud01
482,Kevin Pangos,0.1,,2021-22,29,CLE,24,3,166,15,46,9,20,6,26,3,4,2,9,11,30,3,0,7,11,39,0.326,0.45,0.231,0.75,0.408,0.391,G,pangoke01
483,Tacko Fall,0.1,,2021-22,26,CLE,11,1,59,5,12,5,12,0,0,2,7,7,16,23,2,0,6,3,3,12,0.417,0.417,,0.286,0.398,0.417,C,fallta01
484,Jamorko Pickett,0.1,,2021-22,24,DET,13,0,176,18,50,5,11,13,39,1,2,6,26,32,7,0,7,5,12,50,0.36,0.455,0.333,0.5,0.491,0.49,G-F,pickeja01
485,Jemerrio Jones,0.1,,2021-22,26,LAL,2,0,15,2,3,2,3,0,0,0,0,2,1,3,0,1,0,0,2,4,0.667,0.667,,,0.667,0.667,F,jonesje01
486,Moses Wright,0.1,,2021-22,23,LAC,4,0,14,1,4,1,3,0,1,3,3,1,2,3,2,0,1,0,0,5,0.25,0.333,0,1,0.47,0.25,F,wrighmo01
487,Micah Potter,0,1630695,2021-22,23,DET,3,0,31,5,11,5,9,0,2,2,2,4,5,9,0,1,1,1,4,12,0.455,0.556,0,1,0.505,0.455,C,pottemi01
488,Kelan Martin,0,,2021-22,26,IND,30,1,450,70,171,48,96,22,75,9,13,17,38,55,21,13,9,14,36,171,0.409,0.5,0.293,0.692,0.484,0.474,F,martike03
489,Charlie Brown Jr.,0,,2021-22,24,PHI,22,2,177,10,39,9,27,1,12,9,10,14,18,32,6,10,4,5,18,30,0.256,0.333,0.083,0.9,0.346,0.269,G,brownch02
490,Yves Pons,0,,2021-22,22,MEM,12,0,71,5,16,2,7,3,9,0,2,5,7,12,1,1,4,1,6,13,0.313,0.286,0.333,0,0.385,0.406,F,ponsyv01
491,Dakota Mathias,0,,2021-22,26,MEM,6,0,16,2,6,0,0,2,6,0,0,0,2,2,1,1,0,0,1,6,0.333,,0.333,,0.5,0.5,G,mathida01
492,McKinley Wright IV,0,1630593,2021-22,23,MIN,5,0,19,2,3,1,1,1,2,0,0,0,0,0,3,0,0,1,1,5,0.667,1,0.5,,0.833,0.833,G,wrighmc01
493,Sam Merrill,0,1630241,2021-22,25,MEM,6,0,58,8,24,1,1,7,23,2,4,1,6,7,4,0,0,2,3,25,0.333,1,0.304,0.5,0.485,0.479,G,merrisa01
494,Jalen Johnson,0,1630552,2021-22,20,ATL,22,0,120,22,41,19,28,3,13,5,7,2,24,26,3,3,2,9,9,52,0.537,0.679,0.231,0.714,0.59,0.573,F,johnsja05
495,Tre Scott,0,,2021-22,25,CLE,2,0,11,3,6,3,5,0,1,0,0,1,1,2,0,1,1,0,2,6,0.5,0.6,0,,0.5,0.5,F,scotttr01
496,Malik Newman,0,,2021-22,24,CLE,1,0,8,3,5,3,4,0,1,2,2,0,1,1,1,0,0,1,0,8,0.6,0.75,0,1,0.68,0.6,G,newmama01
497,Trey Burke,0,203504,2021-22,29,DAL,42,0,441,84,215,58,133,26,82,20,23,4,29,33,57,12,0,26,39,214,0.391,0.436,0.317,0.87,0.475,0.451,G,burketr01
498,Gabe York,0,1628221,2021-22,28,IND,2,0,21,2,7,1,1,1,6,3,5,0,2,2,4,2,1,1,4,8,0.286,1,0.167,0.6,0.435,0.357,G,yorkga01
499,Ahmad Caver,0,,2021-22,25,IND,1,0,1,1,1,1,1,0,0,0,0,0,0,0,0,0,0,0,0,2,1,1,,,1,1,G,caverah01
500,Jordan Bell,0,,2021-22,27,CHI,1,0,2,0,0,0,0,0,0,0,0,1,0,1,0,1,0,0,2,0,,,,,,,F,belljo01
501,Justin Jackson,0,1628382,2021-22,26,PHO,7,0,37,5,15,2,6,3,9,2,2,1,6,7,2,0,0,1,3,15,0.333,0.333,0.333,1,0.472,0.433,G-F,jacksju01
502,Brad Wanamaker,0,,2021-22,32,WAS,23,2,320,28,77,24,60,4,17,23,25,6,33,39,55,7,6,23,45,83,0.364,0.4,0.235,0.92,0.472,0.39,G,wanambr01
503,Scottie Lewis,0,,2021-22,21,CHO,2,0,7,0,0,0,0,0,0,1,2,0,0,0,1,1,0,0,0,1,,,,0.5,0.568,,G,lewissc01
504,Jarron Cumberland,0,,2021-22,24,POR,3,0,12,1,2,1,1,0,1,0,0,1,2,3,1,0,0,0,2,2,0.5,1,0,,0.5,0.5,G,cumbeja01
505,Damyean Dotson,0,,2021-22,27,NYK,2,0,21,2,4,2,3,0,1,0,0,0,2,2,1,0,0,0,0,4,0.5,0.667,0,,0.5,0.5,G,dotsoda01
506,Leandro Bolmaro,0,1630195,2021-22,21,MIN,35,2,241,17,54,12,36,5,18,11,13,16,27,43,21,6,0,13,26,50,0.315,0.333,0.278,0.846,0.419,0.361,F,bolmale01
507,DaQuan Jeffries,0,,2021-22,24,MEM,3,0,9,1,2,1,1,0,1,0,0,0,2,2,1,0,0,0,1,2,0.5,1,0,,0.5,0.5,G-F,jeffrda01
508,Josh Jackson,0,,2021-22,24,SAC,51,3,830,120,300,87,170,33,130,55,77,21,120,141,54,26,22,47,88,328,0.4,0.512,0.254,0.714,0.491,0.455,F-G,jacksjo02
509,Jaden Springer,0,1630531,2021-22,19,PHI,2,0,6,1,1,1,1,0,0,0,0,1,1,2,0,0,2,1,0,2,1,1,,,1,1,G,sprinja01
510,Javin DeLaurier,0,,2021-22,23,MIL,1,0,3,0,0,0,0,0,0,0,0,0,1,1,0,1,0,0,1,0,,,,,,,F,delauja01
511,Norvel Pelle,0,,2021-22,28,UTA,3,0,19,3,5,3,5,0,0,0,0,3,3,6,0,0,1,2,1,6,0.6,0.6,,,0.6,0.6,F-C,pelleno01
512,Joe Johnson,0,2207,2021-22,40,BOS,1,0,2,1,1,1,1,0,0,0,0,0,0,0,0,0,0,0,0,2,1,1,,,1,1,G-F,johnsjo02
513,Tyrell Terry,0,,2021-22,21,MEM,2,0,3,1,1,1,1,0,0,0,0,0,0,0,0,0,0,0,1,2,1,1,,,1,1,G,terryty01
514,RJ Nembhard Jr.,0,,2021-22,22,CLE,14,0,63,6,18,6,16,0,2,3,4,3,4,7,12,1,0,3,2,15,0.333,0.375,0,0.75,0.38,0.333,G,nembhrj01
515,Joshua Primo,0,1630563,2021-22,19,SAS,50,16,965,101,270,59,133,42,137,44,59,32,81,113,81,20,23,57,79,288,0.374,0.444,0.307,0.746,0.487,0.452,G,primojo01
516,Cassius Winston,0,,2021-22,23,WAS,7,0,39,4,11,2,5,2,6,4,4,0,1,1,7,0,0,3,9,14,0.364,0.4,0.333,1,0.549,0.455,G,winstca01
517,Kai Jones,0,1630539,2021-22,21,CHO,21,0,63,9,14,8,12,1,2,3,8,3,8,11,4,1,2,6,8,22,0.643,0.667,0.5,0.375,0.628,0.679,F-C,joneska01
518,Wayne Selden,0,,2021-22,27,NYK,3,0,19,1,4,0,2,1,2,2,4,0,1,1,1,0,0,0,1,5,0.25,0,0.5,0.5,0.434,0.375,G-F,seldewa01
519,Jay Scrubb,0,1630206,2021-22,21,LAC,18,0,121,18,46,12,25,6,21,7,10,2,14,16,8,4,3,7,9,49,0.391,0.48,0.286,0.7,0.486,0.457,G-F,scrubja01
520,Emmanuel Mudiay,0,,2021-22,25,SAC,2,0,11,0,2,0,2,0,0,3,4,0,0,0,4,1,0,1,1,3,0,0,,0.75,0.399,0,G,mudiaem01
521,Chaundee Brown Jr.,0,,2021-22,23,LAL,5,2,104,10,32,4,14,6,18,5,6,1,15,16,4,2,0,1,7,31,0.313,0.286,0.333,0.833,0.447,0.406,G-F,brownch05
522,Paul Watson,0,,2021-22,27,OKC,9,3,156,12,35,6,9,6,26,1,2,3,24,27,8,3,3,4,10,31,0.343,0.667,0.231,0.5,0.432,0.429,G,watsopa01
523,James Bouknight,0,1630547,2021-22,21,CHO,31,0,304,49,141,32,92,17,49,27,31,22,30,52,26,7,1,15,29,142,0.348,0.348,0.347,0.871,0.459,0.408,G,bouknja01
524,C.J. Miles,0,101139,2021-22,34,BOS,1,0,2,0,0,0,0,0,0,0,0,0,0,0,0,0,0,0,1,0,,,,,,,G-F,milescj01
525,Tyler Hall,0,,2021-22,24,NYK,1,0,2,0,0,0,0,0,0,0,0,0,0,0,0,0,0,0,0,0,,,,,,,G,hallty01
526,Sam Dekker,0,,2021-22,27,TOR,1,0,1,0,0,0,0,0,0,0,0,0,0,0,0,0,0,0,0,0,,,,,,,F,dekkesa01
527,Louis King,0,1629663,2021-22,22,SAC,10,0,104,15,47,7,20,8,27,7,10,0,12,12,9,2,1,0,14,45,0.319,0.35,0.296,0.7,0.438,0.404,F,kinglo02
528,Ade Murkey,0,,2021-22,24,SAC,1,0,1,0,0,0,0,0,0,0,0,0,0,0,0,0,0,0,0,0,,,,,,,G,murkead01
529,DeJon Jarreau,0,,2021-22,24,IND,1,0,1,0,0,0,0,0,0,0,0,0,0,0,0,0,0,0,0,0,,,,,,,G,jarrede01
530,Jaime Echenique,0,,2021-22,24,WAS,1,0,3,0,0,0,0,0,0,0,0,0,0,0,0,0,0,0,0,0,,,,,,,C,echenja01
531,Gabriel Lundberg,0,,2021-22,27,PHO,4,0,44,5,19,2,11,3,8,0,0,2,5,7,11,3,0,3,7,13,0.263,0.182,0.375,,0.342,0.342,G,lundbga01
532,Marko Simonovic,0,1630250,2021-22,22,CHI,9,0,35,4,15,3,10,1,5,8,11,5,5,10,0,1,1,2,6,17,0.267,0.3,0.2,0.727,0.428,0.3,C,simonma01
533,Petr Cornelie,0,,2021-22,26,DEN,13,0,38,5,15,4,7,1,8,3,4,7,7,14,3,1,1,4,7,14,0.333,0.571,0.125,0.75,0.418,0.367,F,cornepe01
534,Jon Teske,0,,2021-22,24,MEM,3,0,8,0,1,0,1,0,0,0,2,0,2,2,1,1,0,0,1,0,0,0,,0,0,0,C,teskejo01
535,Didi Louzada,0,,2021-22,22,POR,9,1,129,12,33,3,10,9,23,2,2,5,12,17,5,2,2,5,13,35,0.364,0.3,0.391,1,0.517,0.5,G,louzama01
536,Solomon Hill,0,,2021-22,30,ATL,13,1,139,3,20,1,7,2,13,0,0,6,17,23,12,4,2,1,16,8,0.15,0.143,0.154,,0.2,0.2,F,hillso01
537,David Johnson,0,,2021-22,20,TOR,2,0,2,0,1,0,0,0,1,0,0,0,0,0,0,0,0,0,0,0,0,,0,,0,0,G,johnsda08
538,Jeff Dowtin,0,,2021-22,24,ORL,9,0,108,8,26,7,17,1,9,2,2,8,10,18,10,5,1,5,5,19,0.308,0.412,0.111,1,0.353,0.327,G,dowtije01
539,Arnoldas Kulboka,0,,2021-22,24,CHO,2,0,5,0,1,0,0,0,1,0,0,0,0,0,0,0,0,0,1,0,0,,0,,0,0,F,kulboar01
540,Mac McClung,0,1630644,2021-22,23,LAL,2,0,25,3,6,2,3,1,3,1,1,0,3,3,1,1,1,3,5,8,0.5,0.667,0.333,1,0.621,0.583,G,mccluma01
541,Anthony Lamb,0,1630237,2021-22,24,SAS,2,0,8,0,2,0,0,0,2,0,0,0,1,1,2,0,0,0,0,0,0,,0,,0,0,F,lamban01
542,JaQuori McLaughlin,0,1630605,2021-22,24,DAL,4,0,11,0,2,0,1,0,1,0,0,0,0,0,2,0,0,0,1,0,0,0,0,,0,0,G,mclauja01
543,Paris Bass,0,,2021-22,26,PHO,2,0,7,2,6,2,4,0,2,2,2,2,2,4,0,1,0,2,2,6,0.333,0.5,0,1,0.436,0.333,F,basspa01
544,Matt Ryan,0,1630346,2021-22,24,BOS,1,0,5,1,5,0,0,1,5,0,0,0,0,0,0,1,0,0,0,3,0.2,,0.2,,0.3,0.3,F,ryanma01
545,Abdel Nader,0,,2021-22,28,PHO,14,0,145,12,35,8,21,4,14,6,10,4,23,27,7,8,4,11,20,34,0.343,0.381,0.286,0.6,0.431,0.4,F,naderab01
546,Chris Chiozza,0,1629185,2021-22,26,GSW,34,1,372,24,81,7,28,17,53,2,3,9,27,36,65,13,0,32,32,67,0.296,0.25,0.321,0.667,0.407,0.401,G,chiozch01
547,Miye Oni,0,,2021-22,24,UTA,16,0,44,2,9,1,1,1,8,0,1,1,6,7,5,0,0,1,7,5,0.222,1,0.125,0,0.265,0.278,G,onimi01
548,Shaquille Harrison,0,1627885,2021-22,28,BRK,2,0,23,2,6,2,4,0,2,0,0,1,3,4,3,1,1,2,3,4,0.333,0.5,0,,0.333,0.333,G,harrish01
549,Matt Mooney,0,,2021-22,24,NYK,1,0,2,0,1,0,0,0,1,0,0,0,0,0,0,1,0,1,0,0,0,,0,,0,0,G,moonema01
550,Feron Hunt,0,,2021-22,22,NYK,2,0,8,0,2,0,2,0,0,0,0,1,0,1,1,1,0,1,1,0,0,0,,,0,0,F,huntfe01
551,Chandler Hutchison,0,,2021-22,25,PHO,6,0,22,1,2,1,2,0,0,2,2,0,5,5,2,0,0,4,1,4,0.5,0.5,,1,0.694,0.5,G,hutchch01
552,Joel Ayayi,0,,2021-22,21,WAS,7,0,20,1,6,1,5,0,1,0,0,1,2,3,4,0,0,0,0,2,0.167,0.2,0,,0.167,0.167,G,ayayijo01
553,Rob Edwards,0,,2021-22,25,OKC,2,0,11,1,4,0,0,1,4,0,0,0,3,3,0,0,0,1,0,3,0.25,,0.25,,0.375,0.375,G,edwarro01
554,Tremont Waters,0,,2021-22,24,WAS,3,0,50,4,14,2,5,2,9,0,0,0,4,4,7,5,0,4,4,10,0.286,0.4,0.222,,0.357,0.357,G,watertr01
555,Xavier Sneed,0,1630270,2021-22,24,UTA,9,0,39,2,10,1,2,1,8,0,0,2,4,6,1,0,0,0,2,5,0.2,0.5,0.125,,0.25,0.25,F,sneedxa01
556,M.J. Walker,0,,2021-22,23,PHO,2,0,8,0,4,0,2,0,2,0,0,0,1,1,1,2,0,0,1,0,0,0,0,,0,0,G,walkemj01
557,Duane Washington Jr.,0,1630613,2021-22,21,IND,48,7,968,173,427,92,212,81,215,46,61,4,79,83,85,26,3,57,66,473,0.405,0.434,0.377,0.754,0.521,0.5,G,washidu02
558,Trayvon Palmer,0,,2021-22,27,DET,1,0,17,0,1,0,1,0,0,0,0,0,2,2,0,0,0,1,2,0,0,0,,,0,0,G,palmetr01
559,Shaq Buchanan,0,,2021-22,25,MEM,2,0,10,1,4,1,2,0,2,0,0,1,1,2,2,1,0,2,1,2,0.25,0.5,0,,0.25,0.25,G,buchash01
560,Jay Huff,0,1630643,2021-22,23,LAL,4,0,20,0,3,0,1,0,2,0,0,1,3,4,1,1,1,1,1,0,0,0,0,,0,0,F-C,huffja01
561,Scotty Hopson,0,,2021-22,32,OKC,1,0,18,2,4,2,3,0,1,0,0,0,1,1,1,0,0,2,1,4,0.5,0.667,0,,0.5,0.5,G,hopsosc01
562,Nate Hinton,-0.1,,2021-22,22,IND,2,0,2,0,1,0,1,0,0,0,0,0,0,0,0,0,0,1,0,0,0,0,,,0,0,G,hintona01
563,Darren Collison,-0.1,,2021-22,34,LAL,3,0,37,2,7,2,4,0,3,0,0,0,4,4,2,1,0,1,5,4,0.286,0.5,0,,0.286,0.286,G,collida01
564,Collin Sexton,-0.1,1629012,2021-22,23,CLE,11,11,316,68,151,57,106,11,45,29,39,13,23,36,23,10,0,31,25,176,0.45,0.538,0.244,0.744,0.523,0.487,G,sextoco01
565,Alfonzo McKinnie,-0.1,,2021-22,29,CHI,17,3,206,24,61,15,34,9,27,2,8,13,20,33,5,2,3,7,26,59,0.393,0.441,0.333,0.25,0.457,0.467,F,mckinal01
566,Zylan Cheatham,-0.1,,2021-22,26,UTA,1,0,5,0,3,0,1,0,2,0,0,0,0,0,0,0,0,0,0,0,0,0,0,,0,0,F,cheatzy01
567,Zavier Simpson,-0.1,,2021-22,24,OKC,4,4,174,19,52,18,44,1,8,5,5,2,19,21,30,5,4,10,15,44,0.365,0.409,0.125,1,0.406,0.375,G,simpsza01
568,Jordan Goodwin,-0.1,1630692,2021-22,23,WAS,2,0,6,0,3,0,2,0,1,0,0,0,1,1,0,0,0,0,1,0,0,0,0,,0,0,G,goodwjo01
569,Deividas Sirvydis,-0.1,,2021-22,21,DET,3,0,27,1,10,0,3,1,7,0,0,0,6,6,1,3,1,0,4,3,0.1,0,0.143,,0.15,0.15,G-F,sirvyde01
570,Jaysean Paige,-0.1,,2021-22,27,DET,1,0,7,0,3,0,1,0,2,0,0,0,1,1,1,0,0,1,2,0,0,0,0,,0,0,G,paigeja01
571,Tyrone Wallace,-0.1,,2021-22,27,NOP,6,0,75,7,20,5,12,2,8,1,5,0,8,8,1,3,1,2,7,17,0.35,0.417,0.25,0.2,0.383,0.4,G,wallaty01
572,Emanuel Terry,-0.1,,2021-22,25,PHO,3,0,18,0,5,0,5,0,0,0,0,8,7,15,2,1,0,5,4,0,0,0,,,0,0,F,terryem01
573,Georgios Kalaitzakis,-0.1,,2021-22,23,OKC,13,4,214,31,67,21,41,10,26,14,30,6,15,21,12,11,2,20,19,86,0.463,0.512,0.385,0.467,0.536,0.537,G-F,kalaige01
574,Aaron Henry,-0.1,,2021-22,22,PHI,6,0,17,1,5,1,4,0,1,0,0,0,1,1,0,0,2,2,2,2,0.2,0.25,0,,0.2,0.2,F,henryaa01
575,George King,-0.1,1628994,2021-22,28,DAL,4,0,19,0,5,0,1,0,4,1,2,0,5,5,0,0,0,1,4,1,0,0,0,0.5,0.085,0,G-F,kingge03
576,Myles Powell,-0.1,,2021-22,24,PHI,11,0,52,5,17,4,11,1,6,2,2,1,5,6,3,1,0,3,8,13,0.294,0.364,0.167,1,0.364,0.324,G,powelmy01
577,Kira Lewis Jr.,-0.1,1630184,2021-22,20,NOP,24,0,341,59,146,46,88,13,58,10,12,9,30,39,49,11,1,26,17,141,0.404,0.523,0.224,0.833,0.466,0.449,G,lewiski01
578,Cat Barber,-0.1,,2021-22,27,ATL,3,0,13,0,4,0,4,0,0,0,4,1,2,3,3,0,0,1,1,0,0,0,,0,0,0,G,barbeca01
579,Carsen Edwards,-0.1,,2021-22,23,DET,4,0,79,9,30,5,14,4,16,1,1,2,4,6,14,2,0,5,4,23,0.3,0.357,0.25,1,0.378,0.367,G,edwarca01
580,Jaylen Morris,-0.1,,2021-22,26,SAS,3,0,16,0,6,0,4,0,2,2,4,0,2,2,2,0,0,1,2,2,0,0,0,0.5,0.129,0,G,morrija01
581,Jordan Schakel,-0.1,1630648,2021-22,23,WAS,4,0,30,1,11,0,5,1,6,2,2,2,6,8,0,1,0,1,0,5,0.091,0,0.167,1,0.21,0.136,F,schakjo01
582,Robert Woodard II,-0.1,,2021-22,22,SAC,12,0,42,2,16,1,12,1,4,2,2,5,6,11,3,1,1,1,3,7,0.125,0.083,0.25,1,0.207,0.156,F,woodaro01
583,Jahmi'us Ramsey,-0.1,,2021-22,20,SAC,19,0,134,24,58,19,40,5,18,7,14,4,9,13,7,1,1,5,10,60,0.414,0.475,0.278,0.5,0.468,0.457,G,ramseja01
584,Carlik Jones,-0.1,1630637,2021-22,24,DEN,5,0,23,1,9,1,8,0,1,2,2,1,2,3,5,1,0,3,0,4,0.111,0.125,0,1,0.202,0.111,G,jonesca03
585,Javonte Smart,-0.2,,2021-22,22,MIL,17,1,200,19,60,11,33,8,27,5,6,5,19,24,16,6,3,11,12,51,0.317,0.333,0.296,0.833,0.407,0.383,G,smartja01
586,R.J. Hampton,-0.2,1630181,2021-22,20,ORL,64,14,1402,175,457,111,274,64,183,75,117,23,171,194,158,42,13,87,101,489,0.383,0.405,0.35,0.641,0.481,0.453,G,hamptrj01
587,Aleem Ford,-0.2,,2021-22,24,ORL,5,0,74,6,20,4,5,2,15,0,0,2,13,15,2,1,0,4,7,14,0.3,0.8,0.133,,0.35,0.35,F,fordal03
588,Derrick Walton,-0.2,,2021-22,26,DET,3,3,108,6,26,3,13,3,13,4,4,2,8,10,21,7,4,11,8,19,0.231,0.231,0.231,1,0.342,0.288,G,waltode01
589,Isaiah Todd,-0.2,1630225,2021-22,20,WAS,12,0,74,7,26,3,10,4,16,2,6,3,9,12,4,4,2,4,4,20,0.269,0.3,0.25,0.333,0.349,0.346,F,toddis01
590,Elfrid Payton,-0.2,,2021-22,27,PHO,50,1,549,67,175,63,157,4,18,12,32,21,67,88,99,25,6,47,38,150,0.383,0.401,0.222,0.375,0.397,0.394,G,paytoel01
591,Michael Porter Jr.,-0.2,1629008,2021-22,23,DEN,9,9,265,37,103,27,55,10,48,5,9,9,50,59,17,10,2,12,16,89,0.359,0.491,0.208,0.556,0.416,0.408,F,portemi01
592,Daishen Nix,-0.2,1630227,2021-22,19,HOU,24,0,261,27,67,20,41,7,26,16,30,7,26,33,40,15,0,26,21,77,0.403,0.488,0.269,0.533,0.48,0.455,G,nixda01
593,Tim Frazier,-0.2,,2021-22,31,ORL,12,3,208,14,45,8,28,6,17,5,9,5,14,19,34,3,1,15,27,39,0.311,0.286,0.353,0.556,0.398,0.378,G,fraziti01
594,Langston Galloway,-0.2,,2021-22,30,MIL,7,0,107,6,26,4,10,2,16,0,0,3,15,18,12,1,0,6,7,14,0.231,0.4,0.125,,0.269,0.269,G,gallola01
595,Sharife Cooper,-0.2,,2021-22,20,ATL,13,0,39,3,14,2,8,1,6,0,0,0,5,5,5,0,0,5,1,7,0.214,0.25,0.167,,0.25,0.25,G,coopesh01
596,Mychal Mulder,-0.2,,2021-22,27,ORL,17,3,239,24,77,7,23,17,54,4,4,2,22,24,5,4,2,8,13,69,0.312,0.304,0.315,1,0.438,0.422,G-F,muldemy01
597,Justin Robinson,-0.3,,2021-22,24,SAC,25,0,304,28,93,10,32,18,61,4,8,4,17,21,32,9,1,17,27,78,0.301,0.313,0.295,0.5,0.404,0.398,G,robinju01
598,Elijah Hughes,-0.4,,2021-22,23,UTA,36,4,434,47,144,22,49,25,95,7,9,6,52,58,22,14,8,17,39,126,0.326,0.449,0.263,0.778,0.426,0.413,F,hugheel01
599,Melvin Frazier,-0.4,,2021-22,25,OKC,3,0,120,13,48,12,27,1,21,5,7,5,8,13,1,1,0,3,8,32,0.271,0.444,0.048,0.714,0.313,0.281,G,frazime01
600,Keon Johnson,-0.5,1630553,2021-22,19,POR,37,12,697,96,272,62,172,34,100,41,51,24,57,81,76,28,12,46,69,267,0.353,0.36,0.34,0.804,0.453,0.415,G,johnske07
601,Keifer Sykes,-0.5,,2021-22,28,IND,32,11,566,69,190,42,100,27,90,15,17,8,37,45,62,12,4,33,51,180,0.363,0.42,0.3,0.882,0.456,0.434,G,sykeske01
602,Cade Cunningham,-0.5,1630595,2021-22,20,DET,64,64,2088,429,1031,315,668,114,363,142,168,58,296,354,356,78,43,234,200,1114,0.416,0.472,0.314,0.845,0.504,0.471,G,cunnica01
603,Keljin Blevins,-0.5,,2021-22,26,POR,31,1,349,34,111,13,39,21,72,6,11,16,29,45,19,13,1,17,29,95,0.306,0.333,0.292,0.545,0.41,0.401,F,blevike01
604,Brandon Williams,-0.5,,2021-22,22,POR,24,16,640,105,282,74,176,31,106,68,97,19,55,74,94,24,10,58,52,309,0.372,0.42,0.292,0.701,0.476,0.427,G,willibr03
605,Jalen Suggs,-1.6,1630591,2021-22,20,ORL,48,45,1307,198,548,156,352,42,196,126,163,26,145,171,209,59,19,143,142,564,0.361,0.443,0.214,0.773,0.455,0.4,G,suggsja01